chain1,pos1,chain2,pos2,nt1,nt2,label,Score
0,12,0,531,U,G,tHS,0.679
0,13,0,530,G,C,cWW,0.902
0,14,0,529,C,G,cWW,0.918
0,16,0,15,A,C,c?HS,0.106
0,15,0,528,C,G,cWW,0.949
0,15,0,529,C,G,c?SW,0.035
0,16,0,527,A,U,cWW,0.912
0,17,0,526,G,U,cWW,0.880
0,18,0,525,C,G,cWW,0.943
0,524,0,18,A,C,c?WW,0.083
0,20,0,19,G,U,c?HW,0.206
0,19,0,525,U,G,c?WW,0.050
0,19,0,524,U,A,cWW,0.920
0,20,0,523,G,C,cWW,0.911
0,21,0,522,G,U,cWW,0.879
0,22,0,521,U,A,t?SH,0.085
0,23,0,520,G,A,tSH,0.812
0,23,0,521,G,A,t?SH,0.146
0,24,0,519,G,A,tSH,0.755
0,25,0,517,A,U,t?HS,0.237
0,25,0,518,A,G,tHS,0.795
0,26,0,517,U,U,cWW,0.793
0,27,0,1318,U,A,cSS,0.724
0,28,0,27,G,U,c?HW,0.166
0,27,0,516,U,A,cWW,0.875
0,27,0,517,U,U,c?WS,0.294
0,28,0,480,G,C,cWW,0.886
0,29,0,479,C,G,cWW,0.935
0,30,0,453,U,A,tWH,0.880
0,32,0,451,G,C,cWW,0.866
0,32,0,455,G,A,t?SS,0.166
0,32,0,456,G,G,tSS,0.956
0,33,0,450,G,C,cWW,0.880
0,34,0,447,C,A,c?WW,0.090
0,34,0,448,C,G,cWW,0.924
0,35,0,447,U,A,cWW,0.952
0,35,0,448,U,G,c?SW,0.071
0,36,0,674,C,A,cSW,0.879
0,36,0,446,C,G,cWW,0.933
0,37,0,445,A,U,cWW,0.897
0,38,0,445,G,U,c?WW,0.040
0,38,0,444,G,C,cWW,0.926
0,39,0,441,G,A,t?HS,0.091
0,39,0,443,G,C,cWW,0.860
0,40,0,441,C,A,cWW,0.677
0,41,0,40,G,C,c?HS,0.089
0,40,0,440,C,C,c?WW,0.091
0,40,0,442,C,A,cWW,0.722
0,41,0,439,G,A,c?WW,0.157
0,41,0,440,G,C,cWW,0.942
0,41,0,151,G,A,tSW,0.583
0,41,0,152,G,A,t?SS,0.142
0,42,0,150,C,G,c?SW,0.134
0,42,0,149,C,G,cWW,0.938
0,43,0,148,U,A,cWW,0.911
0,44,0,45,G,A,cSW,0.987
0,44,0,113,G,A,t?SS,0.260
0,45,0,115,A,U,cHW,0.936
0,47,0,113,G,A,tSH,0.835
0,47,0,115,G,U,t?WW,0.263
0,48,0,149,A,G,t?SS,0.162
0,48,0,114,A,A,tHH,0.870
0,49,0,112,A,G,tHS,0.854
0,50,0,111,G,C,cWW,0.931
0,50,0,112,G,G,c?WS,0.242
0,51,0,110,G,C,cWW,0.877
0,51,0,121,G,U,tSW,0.976
0,52,0,66,A,G,c?WW,0.277
0,52,0,109,A,U,cWW,0.887
0,53,0,66,C,G,cWW,0.920
0,54,0,53,G,C,c?HS,0.058
0,54,0,64,G,G,c?WW,0.329
0,54,0,65,G,C,cWW,0.850
0,54,0,69,G,A,tSS,0.941
0,55,0,64,U,G,cWW,0.864
0,70,0,55,A,U,c?WS,0.181
0,56,0,84,G,G,cWH,0.882
0,56,0,62,G,C,t?HW,0.228
0,57,0,89,C,G,cWW,0.900
0,58,0,88,C,G,cWW,0.946
0,59,0,85,A,C,t?WH,0.175
0,59,0,61,A,G,c?SH,0.035
0,59,0,86,A,A,t?WW,0.174
0,59,0,60,A,A,cSH,1.000
0,61,0,60,G,A,c?HS,0.014
0,60,0,86,A,A,tWW,0.884
0,61,0,85,G,C,cWW,0.957
0,61,0,86,G,A,t?HH,0.087
0,62,0,84,C,G,cWW,0.881
0,62,0,85,C,C,c?WW,0.161
0,62,0,70,C,A,c?WH,0.042
0,84,0,63,G,U,c?WS,0.063
0,63,0,70,U,A,cWH,0.870
0,66,0,65,G,C,c?HS,0.187
0,66,0,67,G,A,cSW,0.898
0,66,0,69,G,A,c?SS,0.075
0,71,0,106,G,A,cWW,0.868
0,71,0,107,G,U,cWS,0.551
0,72,0,105,C,G,cWW,0.924
0,73,0,104,C,G,cWW,0.902
0,74,0,102,A,A,c?WW,0.199
0,74,0,103,A,U,cWW,0.907
0,76,0,75,G,U,c?HW,0.195
0,75,0,102,U,A,cWW,0.931
0,75,0,103,U,U,c?WW,0.184
0,76,0,101,G,C,cWW,0.925
0,77,0,100,G,C,cWW,0.848
0,78,0,99,G,A,tSH,0.697
0,78,0,98,G,A,t?WH,0.168
0,79,0,80,G,A,c?SH,0.265
0,79,0,98,G,A,tSH,0.796
0,81,0,80,G,A,c?SS,0.045
0,80,0,94,A,G,tSS,0.922
0,80,0,97,A,G,tHS,0.799
0,81,0,93,G,C,cWW,0.947
0,98,0,81,A,G,tSS,0.708
0,83,0,82,C,C,c?HS,0.053
0,82,0,92,C,G,cWW,0.944
0,83,0,91,C,G,cWW,0.931
0,101,0,102,C,A,c?WH,0.056
0,148,0,113,A,A,c?SS,0.103
0,113,0,115,A,U,t?HW,0.033
0,115,0,147,U,G,t?WH,0.294
0,116,0,124,G,C,cWW,0.869
0,117,0,123,A,U,cWW,0.881
0,118,0,122,G,C,cWW,0.823
0,125,0,129,U,A,cWW,0.917
0,130,0,143,C,C,t?WH,0.037
0,130,0,144,C,A,t?WH,0.471
0,131,0,147,A,G,cWH,0.960
0,132,0,145,A,A,c?WW,0.188
0,132,0,146,A,U,cWW,0.936
0,133,0,145,U,A,cWW,0.955
0,133,0,141,U,C,t?HW,0.219
0,134,0,144,U,A,cWW,0.937
0,134,0,141,U,C,t?HW,0.279
0,135,0,143,G,C,cWW,0.883
0,136,0,142,C,G,cWW,0.948
0,137,0,140,U,G,tSW,0.898
0,143,0,141,C,C,c?HW,0.197
0,141,0,144,C,A,c?WH,0.058
0,141,0,145,C,A,c?WH,0.004
0,143,0,144,C,A,c?WH,0.043
0,151,0,185,A,G,c?WW,0.235
0,152,0,184,A,G,c?WW,0.177
0,152,0,185,A,G,cWW,0.900
0,152,0,440,A,C,cSS,0.849
0,153,0,439,C,A,c?SS,0.346
0,153,0,184,C,G,cWW,0.906
0,153,0,185,C,G,c?WW,0.223
0,183,0,153,A,C,c?WW,0.140
0,155,0,154,C,C,c?HS,0.053
0,154,0,182,C,G,cWW,0.925
0,183,0,154,A,C,c?WW,0.166
0,155,0,181,C,G,cWW,0.934
0,156,0,180,C,G,cWW,0.939
0,158,0,157,A,G,c?HW,0.137
0,157,0,179,G,C,cWW,0.917
0,157,0,1470,G,A,cSS,0.902
0,158,0,178,A,U,cWW,0.854
0,159,0,176,G,U,t?SH,0.174
0,159,0,177,G,A,tSH,0.789
0,159,0,178,G,U,c?SW,0.127
0,160,0,176,A,U,tHW,0.912
0,160,0,770,A,C,cSS,0.879
0,160,0,891,A,G,t?SS,0.152
0,160,0,892,A,G,t?WS,0.169
0,161,0,893,A,C,t?WH,0.071
0,161,0,174,A,A,tHH,0.872
0,161,0,892,A,G,tSS,0.877
0,162,0,893,C,C,tSH,0.790
0,162,0,173,C,C,tHS,0.884
0,164,0,163,G,U,c?HW,0.302
0,163,0,172,U,U,cWW,0.775
0,163,0,173,U,C,c?WW,0.260
0,164,0,171,G,C,cWW,0.815
0,164,0,221,G,G,c?WS,0.039
0,164,0,222,G,A,cSS,0.623
0,170,0,165,U,A,t?HS,0.063
0,219,0,165,G,A,t?WS,0.115
0,165,0,221,A,G,cSS,0.699
0,166,0,924,A,G,tWS,0.815
0,168,0,219,C,G,cWW,0.892
0,169,0,2119,A,C,t?WW,0.003
0,169,0,2275,A,G,c?SS,0.168
0,170,0,221,U,G,tWW,0.989
0,171,0,221,C,G,t?SW,0.467
0,171,0,222,C,A,t?SS,0.032
0,175,0,176,G,U,cSH,0.921
0,180,0,1470,G,A,t?SW,0.146
0,184,0,439,G,A,t?SS,0.029
0,184,0,186,G,A,cSS,0.907
0,185,0,439,G,A,tSW,0.941
0,185,0,440,G,C,t?WW,0.025
0,438,0,188,C,C,c?WW,0.020
0,189,0,188,A,C,c?HW,0.170
0,189,0,205,A,U,cSS,0.640
0,189,0,437,A,A,c?WW,0.230
0,190,0,191,G,A,c?SH,0.249
0,190,0,204,G,A,cSS,0.539
0,190,0,435,G,A,tWH,1.000
0,190,0,436,G,A,t?SH,0.112
0,191,0,236,A,A,cWS,0.570
0,191,0,435,A,A,t?WH,0.241
0,191,0,434,A,U,tHW,0.754
0,192,0,203,A,G,tHS,0.847
0,193,0,413,A,G,tSS,0.958
0,193,0,428,A,G,c?SS,0.238
0,194,0,202,A,U,cWW,0.893
0,195,0,201,C,G,cWW,0.957
0,195,0,202,C,U,c?WW,0.216
0,196,0,199,G,A,tSH,0.703
0,198,0,196,A,G,c?HW,0.074
0,196,0,425,G,U,cWS,0.952
0,198,0,416,A,G,tWS,0.778
0,204,0,435,A,A,t?WW,0.009
0,204,0,436,A,A,tWW,0.854
0,205,0,234,U,A,t?HS,0.174
0,205,0,437,U,A,tWW,0.945
0,206,0,233,G,U,cWW,0.882
0,207,0,232,U,A,cWW,0.880
0,208,0,231,C,G,cWW,0.923
0,209,0,665,G,A,c?SS,0.205
0,209,0,230,G,C,cWW,0.891
0,209,0,682,G,A,t?SS,0.409
0,210,0,229,U,G,cWW,0.833
0,211,0,228,U,C,tSH,0.863
0,212,0,227,A,A,tHH,0.933
0,213,0,214,G,U,cSH,0.901
0,214,0,226,U,A,tWH,0.863
0,215,0,225,A,G,tHS,0.847
0,225,0,216,G,A,c?SW,0.064
0,216,0,224,A,U,cWW,0.858
0,217,0,223,C,G,cWW,0.962
0,218,0,222,C,A,tSH,0.954
0,223,0,222,G,A,c?SH,0.063
0,225,0,224,G,U,c?HW,0.183
0,229,0,228,G,C,c?HW,0.117
0,231,0,230,G,C,c?HS,0.143
0,231,0,665,G,A,t?SS,0.218
0,231,0,666,G,A,tSS,0.772
0,234,0,436,A,A,c?SS,0.318
0,234,0,437,A,A,c?SS,0.177
0,236,0,237,A,G,c?SS,0.255
0,236,0,434,A,U,t?WW,0.155
0,237,0,433,G,C,cWW,0.927
0,238,0,432,C,G,cWW,0.896
0,240,0,239,C,C,c?HS,0.025
0,239,0,431,C,G,cWW,0.943
0,240,0,379,C,G,cWW,0.924
0,241,0,270,A,U,tHW,0.854
0,242,0,273,A,G,t?SS,0.252
0,242,0,377,A,C,c?SS,0.308
0,242,0,269,A,G,tHS,0.840
0,242,0,270,A,U,t?HS,0.142
0,243,0,274,A,G,tSS,0.935
0,243,0,268,A,U,t?HS,0.120
0,243,0,269,A,G,c?WS,0.142
0,244,0,267,C,G,cWW,0.879
0,245,0,266,C,G,cWW,0.927
0,246,0,248,G,A,c?SH,0.258
0,246,0,266,G,G,c?SW,0.171
0,246,0,265,G,U,tSH,0.925
0,247,0,264,A,G,tHS,0.850
0,248,0,265,A,U,cWW,0.906
0,249,0,260,G,C,cWW,0.816
0,261,0,249,A,G,c?SW,0.207
0,250,0,259,C,G,cWW,0.929
0,251,0,258,C,G,cWW,0.908
0,252,0,257,C,G,cWW,0.906
0,253,0,256,U,C,tSH,0.962
0,253,0,257,U,G,c?SW,0.195
0,264,0,262,G,A,t?WS,0.100
0,264,0,265,G,U,c?SH,0.307
0,271,0,378,C,A,cHW,1.000
0,273,0,377,G,C,cWW,0.888
0,274,0,376,G,C,cWW,0.915
0,275,0,374,G,U,cWW,0.865
0,276,0,372,C,A,c?WW,0.011
0,276,0,373,C,G,cWW,0.888
0,277,0,372,U,A,cWW,0.924
0,278,0,277,A,U,c?HW,0.036
0,278,0,371,A,U,cWW,0.922
0,279,0,371,C,U,c?WW,0.266
0,279,0,370,C,G,cWW,0.879
0,280,0,369,C,G,cWW,0.863
0,281,0,368,U,C,t?SH,0.272
0,281,0,369,U,G,c?SW,0.207
0,282,0,368,C,C,c?WW,0.065
0,284,0,367,C,G,c?SW,0.107
0,285,0,366,A,U,t?HS,0.205
0,285,0,367,A,G,tHS,0.828
0,286,0,366,U,U,cWW,0.719
0,288,0,287,A,C,c?HS,0.154
0,287,0,365,C,G,cWW,0.911
0,288,0,364,A,C,c?WW,0.298
0,289,0,363,G,A,cWW,0.929
0,364,0,289,C,G,c?SW,0.134
0,290,0,362,C,G,cWW,0.932
0,290,0,363,C,A,c?WS,0.043
0,291,0,361,C,C,cWW,0.859
0,291,0,362,C,G,c?SW,0.150
0,292,0,360,G,A,tSH,0.892
0,292,0,361,G,C,c?SW,0.233
0,293,0,359,A,U,tHW,0.869
0,294,0,357,C,A,t?HH,0.110
0,295,0,356,C,C,cWW,0.695
0,296,0,355,G,C,cWW,0.856
0,296,0,354,G,A,c?WW,0.149
0,297,0,354,U,A,cWW,0.932
0,298,0,352,C,A,c?WW,0.074
0,298,0,353,C,G,cWW,0.919
0,299,0,352,U,A,cWW,0.937
0,300,0,351,C,G,cWW,0.949
0,352,0,300,A,C,c?WW,0.033
0,301,0,350,G,C,cWW,0.957
0,302,0,349,A,U,cWW,0.887
0,302,0,350,A,C,c?WW,0.076
0,303,0,348,C,C,cWW,0.858
0,304,0,347,G,A,tSH,0.910
0,304,0,348,G,C,c?SW,0.220
0,305,0,326,A,G,c?SS,0.214
0,305,0,345,A,G,tHW,0.739
0,346,0,305,U,A,t?WH,0.187
0,306,0,326,A,G,c?SS,0.246
0,306,0,340,A,A,t?SS,0.101
0,306,0,345,A,G,t?WH,0.160
0,307,0,323,G,C,cWW,0.931
0,308,0,339,U,A,cWW,0.902
0,309,0,322,C,G,cWW,0.920
0,310,0,321,U,A,cWW,0.933
0,311,0,320,C,G,cWW,0.942
0,311,0,321,C,A,c?WW,0.022
0,312,0,320,U,G,c?SW,0.073
0,312,0,319,U,A,cWW,0.906
0,313,0,317,U,A,tWH,0.872
0,313,0,319,U,A,c?WW,0.077
0,314,0,337,G,A,tSW,0.708
0,315,0,336,G,G,tSS,0.909
0,316,0,1314,A,U,t?WW,0.046
0,324,0,341,G,C,cWW,0.864
0,325,0,340,U,A,cWW,0.938
0,325,0,341,U,C,c?WW,0.183
0,326,0,330,G,C,cWW,0.858
0,329,0,346,A,U,cSW,0.966
0,340,0,330,A,C,c?HW,0.081
0,331,0,345,A,G,tHS,0.870
0,332,0,344,G,C,cWW,0.921
0,333,0,343,G,C,cWW,0.952
0,334,0,342,G,C,cWW,0.848
0,335,0,339,U,A,tWH,0.897
0,358,0,359,G,U,cSH,0.940
0,365,0,364,G,C,c?HS,0.124
0,372,0,371,A,U,c?HW,0.118
0,380,0,408,A,A,tHH,0.723
0,380,0,409,A,U,t?HH,0.090
0,380,0,381,A,G,c?SS,0.271
0,381,0,382,G,U,cSH,0.811
0,382,0,430,U,A,cSS,0.659
0,382,0,407,U,A,tWH,0.836
0,382,0,406,U,G,t?HS,0.202
0,383,0,406,A,G,tHS,0.916
0,384,0,405,G,C,cWW,0.923
0,385,0,404,C,G,cWW,0.960
0,386,0,403,G,C,cWW,0.929
0,387,0,402,G,U,cWW,0.816
0,388,0,401,G,C,cWW,0.928
0,389,0,400,G,C,cWW,0.924
0,390,0,399,G,C,cWW,0.939
0,391,0,398,U,U,cWW,0.840
0,394,0,392,G,U,t?HW,0.129
0,398,0,392,U,U,c?WW,0.192
0,393,0,417,G,G,c?WW,0.146
0,394,0,417,G,G,cSW,0.943
0,395,0,2443,A,C,t?WW,0.181
0,396,0,2442,U,G,c?HW,0.019
0,397,0,2443,A,C,c?WW,0.046
0,407,0,429,A,A,tWW,0.570
0,408,0,429,A,A,t?WW,0.206
0,408,0,430,A,A,tWW,0.604
0,412,0,428,C,G,cWW,0.947
0,413,0,427,G,C,cWW,0.863
0,415,0,414,A,C,c?HW,0.115
0,414,0,426,C,G,cWW,0.936
0,415,0,424,A,C,c?WW,0.045
0,415,0,425,A,U,cWW,0.953
0,416,0,423,G,A,c?WW,0.161
0,416,0,424,G,C,cWW,0.952
0,418,0,2449,C,G,cWW,0.914
0,419,0,2447,A,A,c?WW,0.208
0,419,0,2448,A,U,cWW,0.910
0,419,0,1920,A,C,cSW,0.955
0,420,0,2447,U,A,cWW,0.926
0,421,0,2446,C,G,cWW,0.936
0,422,0,2445,G,U,cWW,0.887
0,423,0,2444,A,U,cWW,0.885
0,441,0,442,A,A,cSH,0.954
0,441,0,443,A,C,t?SW,0.382
0,449,0,1349,A,G,tSS,0.961
0,451,0,455,C,A,cSS,0.866
0,452,0,460,G,A,tSW,0.802
0,454,0,640,U,G,t?WS,0.198
0,454,0,639,U,A,t?WS,0.176
0,454,0,1362,U,U,cWS,0.863
0,455,0,460,A,A,tWH,0.727
0,458,0,463,G,A,tSS,0.828
0,464,0,463,G,A,c?SS,0.186
0,463,0,477,A,A,tHH,0.850
0,464,0,465,G,U,cSH,0.935
0,465,0,476,U,A,tWH,0.867
0,466,0,475,A,G,tHS,0.971
0,467,0,474,G,C,cWW,0.897
0,468,0,473,U,A,cWW,0.896
0,469,0,472,G,A,t?SH,0.395
0,471,0,774,G,C,cSS,0.786
0,471,0,775,G,G,c?SS,0.262
0,472,0,888,A,U,t?WW,0.130
0,516,0,480,A,C,c?HS,0.158
0,481,0,511,U,A,cSS,0.561
0,481,0,485,U,A,tWH,0.908
0,482,0,484,G,A,t?WH,0.106
0,511,0,482,A,G,c?SS,0.031
0,482,0,486,G,A,tSH,0.859
0,483,0,507,C,A,tHH,0.988
0,483,0,508,C,A,t?HH,0.045
0,484,0,508,A,A,t?HH,0.251
0,484,0,511,A,A,c?HW,0.137
0,485,0,511,A,A,t?WW,0.024
0,485,0,509,A,A,tWW,0.928
0,485,0,512,A,G,t?SS,0.038
0,486,0,511,A,A,tWW,0.906
0,509,0,486,A,A,t?WW,0.054
0,486,0,505,A,C,cSS,0.599
0,487,0,515,G,C,cWW,0.737
0,487,0,512,G,G,tSS,0.910
0,513,0,488,A,U,t?HH,0.049
0,488,0,503,U,G,cSW,0.969
0,489,0,503,A,G,tHS,0.896
0,490,0,502,C,A,cWW,0.879
0,491,0,501,C,G,cWW,0.886
0,491,0,502,C,A,c?WS,0.110
0,492,0,500,C,G,cWW,0.926
0,493,0,499,U,G,cWW,0.876
0,494,0,498,C,A,tSH,0.791
0,496,0,494,G,C,t?HW,0.077
0,504,0,512,G,G,t?WH,0.171
0,505,0,509,C,A,tWH,0.739
0,506,0,508,G,A,t?WH,0.091
0,506,0,511,G,A,tSH,0.732
0,520,0,1363,A,G,t?SS,0.236
0,520,0,638,A,C,c?SS,0.379
0,521,0,1364,A,G,tSS,0.937
0,524,0,523,A,C,c?HS,0.148
0,527,0,526,U,U,c?HS,0.184
0,2085,0,532,A,A,c?SS,0.040
0,532,0,2660,A,G,tSS,0.920
0,535,0,2082,G,G,tHW,0.977
0,536,0,2064,A,U,c?WH,0.120
0,536,0,2075,A,G,tSS,0.956
0,620,0,537,A,G,c?HS,0.164
0,537,0,2059,G,U,cWW,0.931
0,538,0,2060,C,A,cWS,0.960
0,539,0,617,G,C,cWW,0.929
0,540,0,615,A,G,c?WW,0.172
0,540,0,616,A,U,cWW,0.932
0,540,0,617,A,C,c?WW,0.101
0,542,0,541,A,C,c?HW,0.122
0,541,0,615,C,G,cWW,0.928
0,542,0,613,A,C,c?WW,0.133
0,542,0,614,A,U,cWW,0.883
0,543,0,613,G,C,cWW,0.893
0,544,0,612,G,U,cWW,0.801
0,545,0,611,G,U,cWW,0.991
0,545,0,612,G,U,c?WW,0.032
0,547,0,546,A,C,c?HW,0.106
0,546,0,610,C,G,cWW,0.947
0,547,0,608,A,A,c?WW,0.166
0,547,0,609,A,U,cWW,0.899
0,548,0,608,U,A,cWW,0.886
0,551,0,1335,A,C,c?SS,0.176
0,551,0,1322,A,G,t?SS,0.267
0,552,0,1323,A,G,tSS,0.975
0,553,0,606,G,C,cWW,0.920
0,554,0,605,G,C,cWW,0.914
0,555,0,602,U,A,cWW,0.868
0,556,0,601,C,G,cWW,0.770
0,602,0,556,A,C,c?WW,0.028
0,557,0,600,C,G,cWW,0.875
0,558,0,599,C,G,cWW,0.841
0,559,0,598,U,C,cWW,0.769
0,599,0,559,G,U,c?WW,0.064
0,560,0,597,C,A,c?WW,0.305
0,560,0,598,C,C,c?WW,0.227
0,562,0,561,A,G,c?HW,0.081
0,561,0,596,G,C,cWW,0.878
0,562,0,594,A,C,t?WH,0.140
0,562,0,595,A,U,cWW,0.881
0,563,0,594,C,C,cWW,0.860
0,1092,0,565,A,A,t?SW,0.036
0,565,0,1093,A,G,t?SS,0.086
0,565,0,1264,A,U,cSS,0.723
0,566,0,592,A,G,tHS,0.927
0,566,0,1093,A,G,tSS,0.979
0,566,0,1094,A,G,t?SS,0.201
0,567,0,591,U,A,cWW,0.847
0,568,0,590,G,A,tSH,0.943
0,569,0,589,A,U,tHW,0.818
0,570,0,587,C,A,t?HH,0.209
0,571,0,586,C,C,cWW,0.769
0,572,0,585,G,C,cWW,0.938
0,573,0,583,A,G,c?WW,0.275
0,573,0,584,A,U,cWW,0.879
0,575,0,574,G,C,c?HS,0.184
0,574,0,583,C,G,cWW,0.910
0,575,0,582,G,C,cWW,0.836
0,576,0,582,C,C,c?WW,0.184
0,576,0,581,C,G,cWW,0.867
0,577,0,580,G,A,t?SH,0.343
0,579,0,1112,G,G,c?SS,0.307
0,579,0,1252,G,A,t?WW,0.117
0,579,0,1111,G,U,cSS,0.926
0,1253,0,580,C,A,t?SS,0.081
0,580,0,1110,A,G,cSS,0.931
0,588,0,589,G,U,cSH,0.823
0,597,0,596,A,C,c?HS,0.123
0,602,0,601,A,G,c?HS,0.075
0,604,0,607,G,G,cWH,0.949
0,608,0,604,A,G,t?WW,0.218
0,604,0,606,G,C,t?SW,0.141
0,618,0,617,G,C,c?HW,0.072
0,619,0,2074,U,A,cWW,0.820
0,620,0,635,A,A,cWW,0.926
0,620,0,634,A,G,c?WW,0.170
0,620,0,2059,A,U,t?HS,0.043
0,622,0,621,G,C,c?HS,0.095
0,621,0,1357,C,A,t?SS,0.050
0,621,0,634,C,G,cWW,0.939
0,622,0,633,G,C,cWW,0.844
0,622,0,632,G,A,c?WW,0.161
0,623,0,632,U,A,cWW,0.946
0,627,0,625,G,U,t?HW,0.174
0,625,0,2071,U,C,c?WW,0.178
0,626,0,1081,U,A,cSW,0.952
0,629,0,2070,A,G,tWS,0.939
0,631,0,2096,A,A,t?SS,0.172
0,631,0,2607,A,U,t?SH,0.003
0,634,0,633,G,C,c?HS,0.138
0,636,0,1365,G,C,cWW,0.908
0,637,0,1364,C,G,cWW,0.920
0,639,0,638,A,C,c?HS,0.125
0,638,0,1363,C,G,cWW,0.958
0,639,0,1361,A,C,c?WW,0.085
0,639,0,1362,A,U,cWW,0.907
0,640,0,1361,G,C,cWW,0.883
0,1362,0,640,U,G,c?WW,0.039
0,641,0,1360,G,C,cWW,0.920
0,643,0,642,A,G,c?HS,0.185
0,642,0,1358,G,A,tSH,0.874
0,643,0,1355,A,A,tHH,0.950
0,643,0,901,A,G,t?SS,0.134
0,643,0,902,A,G,tSS,0.938
0,644,0,903,G,U,cWS,0.928
0,645,0,761,U,A,tWS,0.961
0,646,0,758,G,A,c?WW,0.280
0,646,0,759,G,C,cWW,0.807
0,648,0,647,G,U,c?HW,0.181
0,647,0,758,U,A,cWW,0.908
0,648,0,756,G,A,c?WW,0.218
0,648,0,757,G,C,cWW,0.926
0,649,0,756,U,A,cWW,0.955
0,650,0,755,C,G,cWW,0.933
0,651,0,652,U,G,c?WH,0.030
0,651,0,754,U,G,cWW,0.835
0,652,0,752,G,G,c?WW,0.223
0,652,0,753,G,U,cWW,0.891
0,653,0,654,C,A,c?SH,0.051
0,653,0,752,C,G,cWW,0.845
0,654,0,750,A,A,c?WW,0.222
0,654,0,751,A,U,cWW,0.941
0,656,0,655,G,U,c?HW,0.203
0,655,0,750,U,A,cWW,0.925
0,656,0,749,G,C,cWW,0.907
0,657,0,748,G,C,cWW,0.916
0,658,0,659,C,A,c?WH,0.154
0,658,0,747,C,G,cWW,0.947
0,660,0,686,A,A,t?SS,0.006
0,661,0,685,G,C,cWW,0.874
0,662,0,684,U,G,cWW,0.862
0,663,0,683,C,G,cWW,0.946
0,664,0,682,U,A,tWH,0.970
0,666,0,680,A,G,tHS,0.915
0,667,0,679,C,G,cWW,0.919
0,667,0,680,C,G,c?WS,0.210
0,668,0,678,C,G,cWW,0.925
0,669,0,677,G,C,cWW,0.930
0,670,0,676,G,C,cWW,0.906
0,671,0,675,A,U,t?SH,0.006
0,684,0,683,G,G,c?HS,0.008
0,686,0,685,A,C,c?HW,0.106
0,689,0,696,G,C,cWW,0.916
0,690,0,695,G,C,cWW,0.877
0,690,0,694,G,A,t?WH,0.210
0,691,0,695,G,C,c?SW,0.057
0,691,0,694,G,A,tSH,0.832
0,692,0,2440,A,C,t?WS,0.008
0,692,0,2453,A,G,cSS,0.951
0,697,0,696,G,C,c?HW,0.119
0,698,0,742,A,G,tSS,0.907
0,699,0,727,C,G,cWW,0.920
0,699,0,728,C,C,c?WS,0.127
0,702,0,726,G,C,cWW,0.907
0,702,0,744,G,G,cHW,0.934
0,703,0,725,G,C,cWW,0.915
0,704,0,724,C,G,cWW,0.884
0,705,0,723,C,G,cWW,0.910
0,706,0,722,G,G,tSH,0.954
0,706,0,707,G,C,c?SH,0.218
0,707,0,708,C,A,c?WH,0.150
0,707,0,721,C,A,tWH,0.920
0,708,0,720,A,G,tHS,0.926
0,709,0,719,G,C,cWW,0.885
0,709,0,720,G,G,c?WS,0.209
0,710,0,718,G,C,cWW,0.846
0,711,0,717,G,C,cWW,0.908
0,712,0,716,C,G,cWW,0.936
0,720,0,719,G,C,c?HW,0.019
0,726,0,744,C,G,t?WH,0.238
0,727,0,744,G,G,c?WW,0.272
0,728,0,743,C,G,cWW,0.901
0,729,0,742,C,G,cWW,0.886
0,730,0,741,G,C,cWW,0.892
0,731,0,740,U,G,cWW,0.859
0,732,0,739,C,G,cWW,0.939
0,733,0,738,U,G,cWW,0.839
0,736,0,2406,A,U,c?SS,0.323
0,736,0,2382,A,A,t?WW,0.001
0,737,0,2383,A,G,t?SS,0.413
0,750,0,749,A,C,c?HW,0.105
0,756,0,755,A,G,c?HW,0.072
0,758,0,757,A,C,c?HS,0.158
0,762,0,903,C,U,c?WW,0.194
0,762,0,902,C,G,cWW,0.915
0,763,0,901,C,G,cWW,0.911
0,763,0,1358,C,A,t?SS,0.178
0,764,0,900,C,U,cWW,0.779
0,765,0,899,G,C,cWW,0.927
0,766,0,895,A,A,t?HW,0.144
0,766,0,896,A,C,tHW,0.954
0,766,0,2478,A,U,cSS,0.546
0,767,0,895,A,A,tHW,0.954
0,767,0,2110,A,G,tSS,0.910
0,768,0,893,U,C,t?WW,0.410
0,769,0,892,C,G,cWW,0.913
0,770,0,891,C,G,cWW,0.951
0,771,0,890,G,C,cWW,0.927
0,771,0,889,G,C,c?WW,0.061
0,772,0,890,G,C,c?WW,0.038
0,772,0,889,G,C,cWW,0.914
0,773,0,887,A,G,cWW,0.512
0,773,0,888,A,U,cWW,0.869
0,774,0,887,C,G,cWW,0.885
0,775,0,868,G,G,tWH,0.982
0,866,0,776,U,A,t?WH,0.241
0,776,0,778,A,C,t?SW,0.286
0,776,0,779,A,U,tSW,0.972
0,776,0,871,A,G,tWS,0.738
0,778,0,1836,C,A,cSW,0.736
0,780,0,865,A,G,c?WW,0.194
0,780,0,866,A,U,cWW,0.904
0,781,0,865,C,G,cWW,0.868
0,782,0,864,G,U,cWW,0.934
0,784,0,783,A,C,c?HS,0.130
0,783,0,863,C,G,cWW,0.866
0,784,0,1458,A,A,c?SS,0.425
0,784,0,862,A,U,cWW,0.866
0,784,0,861,A,A,c?WW,0.231
0,785,0,861,U,A,cWW,0.898
0,786,0,860,G,U,cWW,0.956
0,1488,0,786,U,G,c?WS,0.143
0,787,0,859,G,C,cWW,0.924
0,788,0,858,A,U,cWW,0.892
0,789,0,856,C,G,cWW,0.926
0,855,0,789,U,C,c?HW,0.128
0,790,0,824,A,G,tHS,0.870
0,790,0,1709,A,G,cSS,0.719
0,791,0,823,A,U,cWW,0.908
0,792,0,822,G,C,cWW,0.917
0,793,0,819,A,A,c?WW,0.190
0,793,0,821,A,U,cWW,0.888
0,794,0,819,U,A,cWW,0.799
0,794,0,818,U,A,t?WH,0.134
0,795,0,818,G,A,tSH,0.849
0,796,0,817,A,G,tHS,0.773
0,797,0,816,A,G,tHS,0.928
0,798,0,816,G,G,c?WS,0.269
0,798,0,815,G,U,cWW,0.876
0,799,0,814,C,G,cWW,0.952
0,799,0,815,C,U,c?WW,0.171
0,800,0,813,G,C,cWW,0.929
0,800,0,812,G,A,c?WW,0.259
0,802,0,801,G,U,c?HW,0.171
0,801,0,812,U,A,cWW,0.960
0,802,0,811,G,C,cWW,0.941
0,803,0,810,C,G,cWW,0.936
0,804,0,809,C,G,cWW,0.923
0,804,0,805,C,G,c?WH,0.103
0,805,0,808,G,A,tSH,0.826
0,808,0,809,A,G,c?HS,0.156
0,812,0,811,A,C,c?HS,0.127
0,820,0,1830,G,C,cWW,0.748
0,824,0,826,G,U,c?SH,0.049
0,826,0,854,U,G,t?HS,0.259
0,827,0,826,A,U,c?HW,0.059
0,827,0,854,A,G,tHS,0.947
0,828,0,853,G,C,cWW,0.888
0,829,0,852,A,U,cWW,0.876
0,830,0,851,G,C,cWW,0.780
0,830,0,2022,G,A,tSW,0.957
0,831,0,832,U,U,c?SH,0.482
0,832,0,833,U,G,c?WH,0.220
0,832,0,850,U,U,cWW,0.819
0,833,0,849,G,C,cWW,0.910
0,833,0,850,G,U,c?WS,0.048
0,834,0,848,G,C,cWW,0.917
0,834,0,849,G,C,c?WW,0.020
0,836,0,847,G,C,cWW,0.895
0,837,0,846,U,A,cWW,0.946
0,838,0,843,C,A,tSW,1.000
0,840,0,2054,U,A,c?WW,0.111
0,840,0,2055,U,A,cWS,0.988
0,842,0,846,C,A,cWS,0.960
0,851,0,2022,C,A,cSS,0.583
0,857,0,1845,A,A,cWS,0.952
0,857,0,1831,A,U,cHW,0.917
0,861,0,1488,A,U,tSW,0.955
0,863,0,1459,G,A,tSS,0.885
0,867,0,870,A,G,cSS,0.851
0,867,0,880,A,C,t?SS,0.096
0,868,0,884,G,C,cWW,0.884
0,870,0,886,G,A,t?HS,0.034
0,870,0,880,G,C,cWW,0.922
0,871,0,879,G,C,cWW,0.900
0,872,0,878,U,G,cWW,0.847
0,873,0,872,G,U,c?HW,0.241
0,873,0,878,G,G,c?SW,0.123
0,873,0,876,G,A,tSW,0.796
0,874,0,1832,A,G,tSS,0.949
0,880,0,884,C,C,t?HW,0.167
0,883,0,884,U,C,c?SH,0.115
0,885,0,2113,G,G,cSS,0.970
0,898,0,924,G,G,c?SS,0.181
0,901,0,900,G,U,c?HW,0.262
0,900,0,2101,U,A,cSW,0.947
0,901,0,1358,G,A,cSS,0.925
0,905,0,1300,C,G,cWW,0.939
0,905,0,1301,C,C,c?WW,0.228
0,906,0,1299,C,G,cWW,0.902
0,906,0,1329,C,A,c?SS,0.075
0,907,0,1298,A,U,cWW,0.896
0,908,0,1297,A,U,cWW,0.873
0,909,0,1296,U,A,cWW,0.857
0,909,0,1297,U,U,c?WW,0.216
0,910,0,1296,C,A,c?WW,0.045
0,911,0,910,G,C,c?HW,0.162
0,910,0,1295,C,G,cWW,0.923
0,911,0,1294,G,A,tSH,0.867
0,1041,0,912,U,A,t?SS,0.007
0,912,0,1293,A,U,tHW,0.883
0,913,0,1071,A,G,tHH,0.942
0,914,0,1070,A,A,tHS,0.952
0,915,0,928,C,G,cWW,0.932
0,915,0,1042,C,U,c?HS,0.169
0,915,0,1043,C,C,c?HS,0.021
0,916,0,2394,A,A,t?SW,0.186
0,916,0,926,A,A,c?WW,0.233
0,916,0,927,A,U,cWW,0.897
0,916,0,2395,A,A,t?SW,0.245
0,916,0,1043,A,C,cHW,0.684
0,917,0,926,U,A,cWW,0.950
0,917,0,2395,U,A,t?SW,0.072
0,918,0,925,G,C,cWW,0.932
0,919,0,924,U,G,cWW,0.830
0,921,0,2279,G,G,cWS,0.950
0,923,0,2107,A,U,cHS,1.000
0,923,0,2480,A,G,cWS,0.792
0,926,0,925,A,C,c?HS,0.134
0,925,0,1043,C,C,t?HW,0.321
0,926,0,1043,A,C,tHW,0.827
0,2395,0,927,A,U,c?SW,0.026
0,928,0,2394,G,A,cSS,0.745
0,929,0,1041,A,U,t?WH,0.025
0,930,0,1040,C,A,t?WH,0.142
0,931,0,1039,C,G,cWW,0.929
0,933,0,932,C,U,c?HS,0.031
0,932,0,1038,U,G,cWW,0.902
0,933,0,1037,C,G,cWW,0.963
0,934,0,1036,C,G,cWW,0.952
0,935,0,1035,G,C,cWW,0.906
0,936,0,1034,C,G,cWW,0.933
0,936,0,1035,C,C,c?WW,0.139
0,937,0,1033,C,C,cWW,0.732
0,938,0,1032,G,A,tSH,0.927
0,938,0,1033,G,C,t?SH,0.108
0,939,0,1031,A,G,tHS,0.808
0,940,0,939,G,A,c?SS,0.079
0,1027,0,939,G,A,tSS,0.911
0,940,0,1026,G,C,cWW,0.698
0,1032,0,940,A,G,tSS,0.638
0,941,0,1025,G,C,cWW,0.929
0,942,0,1024,U,G,cWW,0.901
0,942,0,943,U,A,c?SH,0.200
0,943,0,1025,A,C,c?WS,0.132
0,944,0,1023,G,C,cWW,0.965
0,944,0,1022,G,A,c?WW,0.242
0,945,0,1022,U,A,cWW,0.920
0,946,0,1020,C,A,c?WW,0.059
0,946,0,1021,C,G,cWW,0.943
0,947,0,948,U,G,c?WH,0.163
0,947,0,1020,U,A,cWW,0.944
0,948,0,1019,G,C,cWW,0.900
0,948,0,1018,G,A,c?WW,0.229
0,949,0,1018,U,A,cWW,0.832
0,950,0,1017,G,U,cWW,0.938
0,951,0,950,A,G,c?HW,0.123
0,951,0,1015,A,C,c?WW,0.100
0,951,0,1016,A,U,cWW,0.904
0,952,0,1015,G,C,cWW,0.860
0,1016,0,952,U,G,c?WW,0.206
0,953,0,954,G,U,cSH,0.698
0,954,0,1013,U,A,tWH,0.858
0,955,0,1012,A,A,tHS,0.912
0,956,0,1011,G,C,cWW,0.931
0,956,9,103,G,A,t?SS,0.131
0,957,0,1008,A,C,c?WW,0.071
0,957,0,1009,A,U,cWW,0.928
0,957,0,1010,A,C,t?SH,0.295
0,958,0,1008,G,C,cWW,0.883
0,1009,0,958,U,G,c?SW,0.026
0,958,0,961,G,A,tSW,0.977
0,958,0,962,G,C,t?SW,0.165
0,959,0,1005,C,A,tWH,0.950
0,959,0,962,C,C,cSH,0.965
0,959,0,963,C,C,tSW,0.707
0,962,0,961,C,A,c?HS,0.158
0,962,0,1008,C,C,cWS,0.937
0,962,0,1005,C,A,t?WH,0.064
0,963,0,1005,C,A,cWW,0.896
0,964,0,963,G,C,c?HS,0.200
0,964,0,1004,G,C,cWW,0.816
0,965,0,1003,A,U,cWW,0.833
0,966,0,1003,U,U,c?SW,0.331
0,966,0,1002,U,G,cSW,0.822
0,968,0,967,G,U,c?HW,0.178
0,967,0,1001,U,U,cWW,0.911
0,968,0,1000,G,C,cWW,0.735
0,968,0,1001,G,U,c?WS,0.060
0,969,0,999,G,C,cWW,0.730
0,970,0,999,U,C,c?WW,0.375
0,1006,0,2298,A,C,c?SS,0.234
0,1006,0,2310,A,G,t?SS,0.165
0,1006,0,2311,A,A,t?WS,0.161
0,1007,0,2312,A,G,t?SS,0.202
0,2311,0,1007,A,A,t?SS,0.170
0,1009,0,1010,U,C,cSH,0.956
9,81,0,1013,C,A,t?SS,0.042
0,1014,0,2302,A,A,tHH,0.919
0,2303,0,1016,A,U,t?HW,0.007
0,1020,0,1019,A,C,c?HS,0.116
0,1024,0,1023,G,C,c?HW,0.090
0,1027,0,1026,G,C,c?HS,0.169
0,1036,0,1035,G,C,c?HS,0.131
0,1040,0,1039,A,G,c?HS,0.166
0,1041,0,1294,U,A,c?SS,0.216
0,1045,0,1069,G,C,cWW,0.936
0,1045,0,1070,G,A,c?WS,0.187
0,1045,0,1081,G,A,t?SS,0.134
0,1046,0,1067,G,A,c?WW,0.262
0,1046,0,1068,G,C,cWW,0.939
0,1046,0,1082,G,A,tSS,0.932
0,1047,0,1067,U,A,cWW,0.908
0,1048,0,1066,G,U,cWW,0.917
0,1048,0,1065,G,G,c?WW,0.258
0,1049,0,1065,C,G,cWW,0.927
0,1050,0,1049,G,C,c?HS,0.180
0,1050,0,1064,G,U,cWW,0.956
0,1051,0,1063,C,G,cWW,0.926
0,1052,0,1062,G,U,cWW,0.889
0,1053,0,2307,G,A,t?SS,0.158
0,1053,0,2308,G,U,tSW,0.994
0,1053,0,1061,G,C,cWW,0.933
0,1054,0,2283,G,G,t?SH,0.237
0,1054,0,1060,G,C,cWW,0.927
0,1055,0,1058,G,A,tSH,0.768
0,1055,0,1060,G,C,c?SW,0.131
0,1056,0,2529,U,G,t?WS,0.328
0,1056,0,2494,U,G,c?WS,0.028
0,1057,0,2492,A,U,c?SS,0.330
0,2530,0,1057,C,A,c?WH,0.024
0,1057,0,2529,A,G,t?SS,0.248
0,1058,0,2491,A,G,cSS,0.735
0,1058,0,2530,A,C,t?SS,0.027
0,1062,0,2307,U,A,c?SS,0.242
0,1063,0,2301,G,A,t?SH,0.216
0,1064,0,1065,U,G,c?SH,0.100
0,1067,0,1066,A,U,c?HS,0.038
0,1069,0,1081,C,A,c?SS,0.239
0,1071,0,1292,G,G,c?SS,0.148
0,1072,0,1088,G,A,tSH,0.690
0,1073,0,1087,A,G,tHS,0.505
0,1073,0,1086,A,A,tHS,0.813
0,1074,0,1097,G,A,t?SS,0.096
0,1074,0,1259,G,A,cSS,0.852
0,1074,0,1085,G,C,cWW,0.916
0,1074,0,1086,G,A,c?WS,0.197
0,1075,0,1084,G,C,cWW,0.921
0,1075,0,1098,G,A,tSS,0.801
0,1076,0,1083,G,C,cWW,0.900
0,1076,9,87,G,U,t?SH,0.186
0,1077,0,1083,G,C,c?SW,0.068
0,1078,0,2078,A,U,c?SS,0.204
0,1079,0,2068,A,G,tSS,0.926
0,1083,0,1124,C,A,cSW,0.790
0,1084,9,87,C,U,c?SH,0.134
0,1085,0,1097,C,A,c?SS,0.210
0,1089,0,1267,G,C,cWW,0.934
0,1090,0,1266,A,U,cWW,0.928
0,1090,0,1265,A,G,c?WW,0.256
0,1092,0,1091,A,U,c?HW,0.041
0,1091,0,1265,U,G,cWW,0.919
0,1092,0,1264,A,U,cWW,0.847
0,1093,0,1263,G,C,cWW,0.929
0,1093,0,1264,G,U,c?WS,0.015
0,1094,0,1262,G,C,cWW,0.876
0,1094,0,1261,G,A,c?WW,0.118
0,1095,0,1261,U,A,cWW,0.872
0,1261,0,1096,A,U,c?WW,0.190
0,1096,0,1259,U,A,tWH,0.900
0,1097,0,1258,A,G,t?HW,0.169
0,1098,0,1258,A,G,tHS,0.883
0,1099,0,1258,G,G,c?WS,0.260
0,1099,0,1107,G,A,t?WW,0.123
0,1099,0,1257,G,C,cWW,0.955
0,1099,0,1106,G,A,t?SS,0.181
0,1100,0,1107,G,A,tSS,0.869
0,1100,0,1256,G,C,cWW,0.931
0,1101,0,1255,U,A,cWW,0.949
0,1101,0,1256,U,C,c?WW,0.237
0,1102,0,1241,C,G,cWW,0.956
0,1103,0,1240,C,G,cWW,0.956
0,1104,0,1239,C,G,cWW,0.950
0,1105,0,1107,C,A,t?SW,0.238
0,1105,0,1106,C,A,cSH,0.523
0,1105,0,1239,C,G,t?HH,0.110
0,1106,0,1257,A,C,c?SS,0.212
0,1108,0,1254,G,C,cWW,0.851
0,1109,0,1247,U,A,cWH,0.984
0,1110,0,1253,G,C,cWW,0.843
0,1111,0,1252,U,A,cWW,0.950
0,1111,0,1253,U,C,c?WW,0.248
0,1112,0,1251,G,C,cWW,0.908
0,1113,0,1250,G,C,cWW,0.855
0,1114,0,1248,A,A,c?WW,0.215
0,1114,0,1249,A,U,cWW,0.927
0,1115,0,1248,U,A,cWW,0.932
0,1116,0,1246,U,A,t?WH,0.228
0,1116,0,1248,U,A,c?WW,0.031
0,1116,0,1118,U,A,c?SW,0.200
0,1117,0,1244,A,U,t?WW,0.199
0,1118,0,1246,A,A,t?WW,0.203
0,1118,0,1244,A,U,t?HW,0.141
0,1119,0,1120,G,U,cSH,0.959
0,1121,0,1119,G,G,t?WS,0.134
0,1120,0,1246,U,A,t?WW,0.155
0,1121,0,1246,G,A,t?SS,0.123
0,1121,0,1243,G,C,cWW,0.902
0,1122,0,1242,U,A,cWW,0.920
0,1131,0,1132,G,A,c?SH,0.326
0,1132,0,2521,A,A,c?SS,0.241
0,1132,0,1230,A,A,tHH,0.890
0,1133,0,2520,A,G,cSS,0.867
0,1133,0,1229,A,C,tHS,0.956
0,1133,0,2500,A,C,t?WW,0.014
0,1134,0,1228,G,C,cWW,0.896
0,1135,0,1227,G,C,cWW,0.922
0,1136,0,1226,U,G,cWW,0.793
0,1136,0,1227,U,C,c?WW,0.134
0,1138,0,1224,G,G,c?WW,0.330
0,1138,0,1225,G,C,cWW,0.882
0,1139,0,1224,U,G,cWW,0.907
0,1140,0,1139,C,U,c?HS,0.071
0,1140,0,1223,C,G,cWW,0.912
0,1141,0,1222,U,A,cWW,0.839
0,1142,0,1221,C,G,cWW,0.925
0,1143,0,1220,G,U,cWW,0.886
0,1144,0,1220,A,U,c?WS,0.104
0,1144,0,1219,A,U,cWW,0.908
0,1145,0,1218,G,U,cWW,0.929
0,1146,0,1217,C,G,cWW,0.918
0,1147,0,1216,C,G,cWW,0.969
0,1215,0,1148,A,C,t?WW,0.035
0,1151,0,1215,G,A,tSH,0.820
0,1152,0,1216,A,G,tSS,0.874
0,1152,0,1214,A,G,tHS,0.638
0,1152,0,2786,A,G,t?HH,0.115
0,1154,0,1153,A,C,c?HW,0.119
0,1153,0,2786,C,G,cWH,0.844
0,1154,0,1213,A,C,cWW,0.515
0,1155,0,1212,G,C,cWW,0.885
0,1156,0,1211,C,G,cWW,0.890
0,1157,0,1210,C,G,cWW,0.908
0,1158,0,1157,G,C,c?HS,0.140
0,1158,0,1188,G,A,t?SS,0.145
0,1158,0,1209,G,C,cWW,0.913
0,1159,0,1189,G,A,t?SH,0.148
0,1159,0,1208,G,C,cWW,0.794
0,1160,0,1206,G,U,t?SH,0.154
0,1160,0,1207,G,A,t?SH,0.314
0,1161,0,1185,A,U,cWW,0.858
0,1161,0,1186,A,C,c?WS,0.027
0,1162,0,1184,G,C,cWW,0.810
0,1163,0,1183,G,C,cWW,0.819
0,1164,0,1192,U,A,c?WW,0.123
0,1166,0,1180,A,U,cWW,0.634
0,1166,0,1181,A,A,c?WW,0.129
0,1167,0,1179,G,C,cWW,0.873
0,1167,0,1180,G,U,c?WW,0.061
0,1168,0,1179,C,C,c?WW,0.076
0,1168,0,1178,C,G,cWW,0.696
0,1169,0,1177,U,A,cWW,0.631
0,1169,0,1178,U,G,c?SW,0.288
0,1172,0,1170,G,U,t?HW,0.114
0,1170,0,1173,U,A,t?SH,0.014
0,1174,0,1200,A,A,c?HS,0.227
0,1175,0,1204,G,C,t?HH,0.193
0,1176,0,1196,C,C,cWH,1.000
0,1176,0,1203,C,G,t?WH,0.311
0,1197,0,1176,G,C,t?WW,0.148
0,1181,0,1192,A,A,t?WH,0.081
0,1186,0,1190,C,G,tWW,0.869
0,1187,0,1190,U,G,t?WW,0.120
0,1188,0,1209,A,C,c?SS,0.257
0,1191,0,1206,A,U,cWW,0.573
0,1193,0,1194,A,A,cSH,0.940
0,1193,0,1205,A,U,c?WW,0.158
0,1194,0,1205,A,U,cWW,0.738
0,1195,0,1205,G,U,c?WS,0.013
0,1195,0,1204,G,C,cWW,0.901
0,1196,0,1203,C,G,cWW,0.857
0,1196,0,1204,C,C,c?WW,0.195
0,1197,0,1203,G,G,c?SW,0.158
0,1197,0,1202,G,A,tSH,0.788
0,1198,0,1201,U,C,t?SH,0.140
0,1206,0,1205,U,U,c?HS,0.139
0,1209,0,1210,C,G,c?SH,0.111
0,1216,0,1215,G,A,c?SS,0.117
0,1231,0,2523,A,U,cHS,0.925
0,1231,0,2498,A,C,cWS,0.930
0,1232,0,2551,A,C,c?SS,0.145
0,1232,0,2603,A,G,t?SS,0.305
0,1233,0,2604,A,A,t?SS,0.048
0,1233,0,2603,A,G,t?SS,0.159
0,1235,0,1237,G,U,c?SH,0.136
0,1235,0,1236,G,A,cSH,0.968
0,1235,0,2080,G,G,c?WS,0.142
0,1238,0,1241,C,G,t?WH,0.352
0,1241,0,1247,G,A,t?WW,0.251
0,1242,0,1247,A,A,t?SS,0.053
0,1252,0,1251,A,C,c?HS,0.083
0,1268,0,1290,C,G,cWW,0.938
0,1269,0,1286,G,A,c?WW,0.121
0,1269,0,1289,G,C,cWW,0.864
0,1271,0,1270,A,U,c?HW,0.030
0,1270,0,1286,U,A,cWW,0.916
0,1271,0,1285,A,U,cWW,0.857
0,1272,0,1284,C,G,cWW,0.880
0,1272,0,1285,C,U,c?WW,0.270
0,1273,0,1283,C,G,cWW,0.892
0,1274,0,1273,A,C,c?HS,0.133
0,1274,0,1282,A,U,cWW,0.946
0,1274,0,1281,A,C,t?WH,0.112
0,1275,0,1281,C,C,cWW,0.829
0,1276,0,1278,U,A,t?WH,0.043
0,1276,0,1280,U,A,tSH,0.517
0,1290,0,1289,G,C,c?HS,0.197
0,1292,0,1293,G,U,cSH,0.867
0,1300,0,1330,G,A,tSS,0.824
0,1301,0,1354,C,G,cWW,0.940
0,1302,0,1353,G,C,cWS,0.952
0,1303,0,1351,C,G,cWW,0.877
0,1304,0,1350,U,U,cWW,0.864
0,1305,0,1349,C,G,cWW,0.878
0,1307,0,1306,A,U,c?HW,0.046
0,1306,0,1348,U,A,cWW,0.954
0,1307,0,1346,A,U,c?WW,0.035
0,1307,0,1347,A,U,cWW,0.917
0,1308,0,1345,A,A,c?WW,0.161
0,1308,0,1346,A,U,cWW,0.873
0,1308,0,1347,A,U,c?WW,0.047
0,1309,0,1345,U,A,cWW,0.918
0,1310,0,1311,U,G,c?SH,0.038
0,1310,0,1344,U,G,cWW,0.789
0,1311,0,1343,G,C,cWW,0.911
0,1312,0,1342,G,C,cWW,0.860
0,1313,0,1341,A,A,t?SS,0.021
0,1316,0,1341,G,A,tSH,0.710
0,1317,0,1340,A,G,tHS,0.767
0,1318,0,1339,A,G,tHS,0.895
0,1319,0,1337,G,A,c?WW,0.031
0,1319,0,1338,G,U,cWW,0.891
0,1321,0,1320,A,U,c?HW,0.100
0,1320,0,1337,U,A,cWW,0.892
0,1321,0,1335,A,C,c?WW,0.071
0,1321,0,1336,A,U,cWW,0.911
0,1322,0,1335,G,C,cWW,0.895
0,1336,0,1322,U,G,c?SW,0.039
0,1323,0,1334,G,C,cWW,0.906
0,1324,0,1333,G,U,cWW,0.948
0,1325,0,1332,G,C,cWW,0.929
0,1326,0,1331,U,A,cWW,0.900
0,1327,0,1329,G,A,t?WH,0.103
0,1327,0,1330,G,A,t?SH,0.353
0,1336,0,1337,U,A,c?SH,0.083
0,1340,0,1341,G,A,c?SH,0.313
0,1347,0,1348,U,A,c?SH,0.100
0,1351,0,1350,G,U,c?HS,0.106
0,1363,0,1362,G,U,c?HW,0.166
0,1367,0,1366,A,C,c?HW,0.080
0,1366,0,2058,C,G,cWW,0.904
0,1367,0,2057,A,U,cWW,0.912
0,1368,0,2056,U,C,tSH,0.962
0,1369,0,2055,A,A,tHH,0.891
0,1370,0,1371,G,U,cSH,0.869
0,1371,0,2053,U,G,t?HS,0.223
0,1371,0,2054,U,A,tWH,0.870
0,1372,0,2053,A,G,tHS,0.932
0,1373,0,1431,G,C,t?SW,0.041
0,1373,0,2052,G,U,cWW,0.895
0,1725,0,1374,C,C,c?HS,0.089
0,1374,0,2051,C,G,cWW,0.907
0,1375,0,2044,A,G,cSS,0.542
0,1377,0,1683,C,G,tWW,0.962
0,1382,0,1381,G,A,c?SS,0.019
0,1401,0,1381,G,A,t?SS,0.395
0,1382,0,1399,G,A,c?WW,0.228
0,1382,0,1400,G,C,cWW,0.917
0,1383,0,1399,U,A,cWW,0.943
0,1384,0,1398,C,G,cWW,0.949
0,1385,0,1384,G,C,c?HS,0.132
0,1384,0,1399,C,A,c?WW,0.023
0,1385,0,1397,G,C,cWW,0.947
0,1386,0,1396,G,C,cWW,0.935
0,1387,0,1395,G,C,cWW,0.835
0,1388,0,1392,U,A,tWH,0.945
0,1389,0,1392,G,A,t?SH,0.029
0,1389,0,1435,G,U,cSW,0.971
0,1393,0,1432,A,U,t?WW,0.242
0,1393,0,2050,A,G,t?WS,0.062
0,1393,0,1725,A,C,cWS,0.728
0,1394,0,1432,C,U,tWW,0.978
0,1398,0,1397,G,C,c?HS,0.166
0,1401,0,1721,G,C,cWW,0.907
0,1402,0,1720,G,C,cWW,0.942
0,1403,0,1719,C,G,cWW,0.929
0,1403,0,1720,C,C,c?WW,0.131
0,1404,0,1718,C,G,cWW,0.949
0,1405,0,1716,U,A,tWH,0.849
0,1405,0,1717,U,A,c?WW,0.094
0,1407,0,1718,A,G,t?WS,0.088
0,1407,0,1717,A,A,tWW,0.935
0,1408,0,1719,U,G,c?WS,0.097
0,1409,0,1700,G,C,cWW,0.922
0,1411,0,1410,A,G,c?HS,0.040
0,1410,0,1699,G,C,cWW,0.903
0,1411,0,1698,A,U,cWW,0.874
0,1412,0,1697,U,G,cWW,0.846
0,1412,0,1698,U,U,c?WW,0.168
0,1413,0,1681,A,G,t?HW,0.175
0,1413,0,1682,A,A,t?WW,0.024
0,1414,0,1681,A,G,tHS,0.827
0,1414,0,1682,A,A,tWW,0.829
0,1415,0,1680,G,C,cWW,0.854
0,1415,0,1682,G,A,t?SW,0.095
0,1415,0,1686,G,C,t?WS,0.041
0,1678,0,1416,A,G,c?WW,0.158
0,1416,0,1685,G,A,cSS,0.787
0,1416,0,1679,G,C,cWW,0.917
0,1418,0,1446,U,U,t?WW,0.077
0,1419,0,1678,U,A,cWW,0.889
0,1420,0,1444,C,G,cWW,0.913
0,1421,0,1442,C,A,c?WW,0.008
0,1421,0,1443,C,G,cWW,0.941
0,1421,0,1501,C,A,c?SS,0.358
0,1422,0,1442,U,A,cWW,0.917
0,1423,0,1441,C,G,cWW,0.916
0,1423,0,1442,C,A,c?WW,0.055
0,1424,0,1423,A,C,c?HS,0.099
0,1424,0,1439,A,C,c?WW,0.033
0,1424,0,1440,A,U,cWW,0.897
0,1425,0,1439,G,C,cWW,0.878
0,1426,0,1428,C,C,c?SH,0.108
0,1426,0,1437,C,A,tWH,0.896
0,1426,0,1436,C,C,t?WH,0.316
0,1427,0,1440,A,U,c?WS,0.260
0,1428,0,1439,C,C,cWS,0.958
0,1437,0,1428,A,C,t?WH,0.068
0,1429,0,1437,U,A,cWW,0.932
0,1430,0,1691,G,A,cSH,0.528
0,1430,0,1436,G,C,cWW,0.893
0,1436,0,1437,C,A,c?WH,0.046
0,1437,0,1691,A,A,c?SW,0.046
0,1685,0,1438,A,G,c?HS,0.007
0,1443,0,1501,G,A,t?SS,0.166
0,1444,0,1502,G,A,tSS,0.898
0,1446,0,1678,U,A,c?WS,0.032
0,1447,0,1503,U,U,c?HS,0.151
0,1448,0,1677,A,U,tHW,0.865
0,1449,0,1493,G,A,tSS,0.879
0,1449,0,1513,G,C,cWW,0.893
0,1450,0,1513,C,C,c?WS,0.060
0,1450,0,1494,C,A,c?WH,0.045
0,1450,0,1512,C,G,cWW,0.930
0,1451,0,1676,C,G,cWW,0.910
0,1452,0,1486,G,A,cSS,0.857
0,1452,0,1675,G,C,cWW,0.894
0,1453,0,1674,G,C,cWW,0.845
0,1454,0,1491,U,G,t?HS,0.262
0,1455,0,1490,C,G,cWW,0.923
0,1456,0,1658,C,A,c?SS,0.000
0,1456,0,1485,C,A,t?WH,0.174
0,1456,0,1489,C,G,cWW,0.949
0,1457,0,1657,U,A,c?SS,0.225
0,1457,0,1485,U,A,tWH,0.806
0,1457,0,1489,U,G,c?WW,0.126
0,1458,0,1484,A,G,t?HW,0.097
0,1460,0,1459,G,A,c?SH,0.023
0,1459,0,1484,A,G,tHS,0.824
0,1460,0,1483,G,C,cWW,0.884
0,1461,0,1482,U,A,cWW,0.940
0,1461,0,1483,U,C,c?WW,0.232
0,1463,0,1462,A,C,c?HW,0.135
0,1462,0,1481,C,G,cWW,0.964
0,1482,0,1462,A,C,c?WW,0.077
0,1463,0,1479,A,A,c?WW,0.300
0,1463,0,1480,A,U,cWW,0.832
0,1465,0,1464,A,U,c?HW,0.053
0,1464,0,1479,U,A,cWW,0.877
0,1465,0,1477,A,C,t?WH,0.157
0,1465,0,1478,A,U,cWW,0.870
0,1466,0,1476,C,A,c?WW,0.170
0,1466,0,1477,C,C,cWW,0.892
0,1467,0,1475,C,G,cWW,0.934
0,1467,0,1476,C,A,cWW,0.510
0,1468,0,1472,G,C,t?WH,0.265
0,1468,0,1474,G,C,cWW,0.972
0,1468,0,1865,G,A,c?SS,0.233
0,1469,0,1471,C,A,t?WH,0.002
0,1469,0,1472,C,C,t?SH,0.150
0,1475,0,1865,G,A,t?SS,0.200
0,1475,0,1866,G,A,tSS,0.874
0,1476,0,1475,A,G,c?HS,0.246
0,1479,0,1478,A,U,c?HW,0.044
0,1481,0,1480,G,U,c?HW,0.198
0,1485,0,1656,A,A,tWW,0.689
0,1487,0,1697,A,G,tSS,0.957
0,1489,0,1656,G,A,t?SW,0.214
0,1489,0,1657,G,A,t?SW,0.237
0,1658,0,1489,A,G,t?SS,0.142
0,1490,0,1658,G,A,t?SS,0.141
0,1490,0,1659,G,A,t?SS,0.320
0,1492,0,1514,A,C,c?SS,0.299
0,1492,0,1672,A,G,t?SS,0.285
0,1493,0,1672,A,G,t?SS,0.243
0,1494,0,1511,A,U,cWW,0.871
0,1494,0,1573,A,A,c?SS,0.296
0,1495,0,1496,C,G,c?SH,0.055
0,1495,0,1510,C,G,cWW,0.926
0,1495,0,1572,C,A,c?SS,0.337
0,1496,0,1509,G,C,cWW,0.836
0,1497,0,1508,G,C,cWW,0.861
0,1498,0,1507,G,C,cWW,0.900
0,1499,0,1504,U,A,tWH,0.914
0,1506,0,1677,U,U,t?WW,0.232
0,1510,0,1509,G,C,c?HS,0.104
0,1510,0,1572,G,A,t?SS,0.159
0,1511,0,1573,U,A,t?WW,0.011
0,1514,0,1513,C,C,c?HS,0.136
0,1514,0,1515,C,A,c?WH,0.048
0,1514,0,1672,C,G,cWW,0.886
0,1515,0,1671,A,U,cWW,0.887
0,1515,0,1670,A,G,c?WW,0.234
0,1669,0,1516,A,C,c?WW,0.024
0,1516,0,1670,C,G,cWW,0.919
0,1518,0,1517,A,U,c?HW,0.052
0,1517,0,1669,U,A,cWW,0.961
0,1517,0,1670,U,G,c?SW,0.156
0,1518,0,1667,A,A,c?WW,0.270
0,1518,0,1668,A,U,cWW,0.896
0,1520,0,1519,G,U,c?HW,0.198
0,1519,0,1667,U,A,cWW,0.859
0,1520,0,1666,G,C,cWW,0.823
0,1521,0,1666,C,C,c?WW,0.180
0,1521,0,1665,C,G,cWW,0.763
0,1527,0,1663,A,G,t?HS,0.225
0,1527,0,1664,A,A,tHH,0.896
0,1528,0,1663,A,G,tHS,0.804
0,1529,0,1662,G,C,cWW,0.836
0,1529,0,1663,G,G,c?WS,0.264
0,1530,0,1661,U,A,cWW,0.902
0,1530,0,1662,U,C,c?WW,0.163
0,1531,0,1660,U,G,cWW,0.904
0,1532,0,1659,G,A,tSH,0.873
0,1533,0,1658,A,A,tHH,0.864
0,1533,0,1534,A,C,c?SW,0.169
0,1534,0,1657,C,A,t?WH,0.097
0,1535,0,1650,G,C,cWW,0.842
0,1535,0,1651,G,C,c?WW,0.195
0,1536,0,1649,C,G,cWW,0.988
0,1537,0,1648,C,G,cWW,0.882
0,1538,0,1647,C,G,cWW,0.944
0,1539,0,1646,U,G,cWW,0.842
0,1647,0,1539,G,U,c?WS,0.012
0,1540,0,1645,G,U,cWW,0.891
0,1541,0,1615,G,A,t?SS,0.117
0,1541,0,1644,G,C,cWW,0.891
0,1542,0,1616,G,A,tSS,0.772
0,1542,0,1643,G,C,cWW,0.879
0,1543,0,1642,G,A,tSH,0.820
0,1543,0,1544,G,U,c?SH,0.202
0,1544,0,1641,U,A,tWH,0.898
0,1544,0,1640,U,C,t?HS,0.128
0,1545,0,1702,C,U,cWW,0.889
0,1545,0,1640,C,C,tHS,0.964
0,1546,0,1639,G,U,cWW,0.823
0,1640,0,1546,C,G,c?SW,0.121
0,1547,0,1637,A,A,c?WW,0.184
0,1547,0,1638,A,U,cWW,0.912
0,1547,0,1639,A,U,c?WW,0.084
0,1548,0,1637,U,A,cWW,0.903
0,1548,0,1638,U,U,c?WW,0.218
0,1637,0,1549,A,C,c?WW,0.050
0,1549,0,1636,C,G,cWW,0.901
0,1550,0,1634,A,G,c?WW,0.309
0,1550,0,1635,A,U,cWW,0.907
0,1551,0,1634,C,G,cWW,0.667
0,1552,0,1569,G,U,cWW,0.900
0,1553,0,1568,C,G,cWW,0.871
0,1553,0,1569,C,U,c?WW,0.195
0,1554,0,1555,U,G,c?WH,0.139
0,1554,0,1567,U,A,cWW,0.944
0,1554,0,1631,U,A,cSS,0.618
0,1555,0,1566,G,C,cWW,0.921
0,1556,0,1565,G,C,cWW,0.849
0,1557,0,1564,G,C,cWW,0.871
0,1562,0,1561,C,U,c?HW,0.014
0,1561,0,2739,U,A,cWW,0.833
0,1562,0,2738,C,G,cWW,0.834
0,2738,0,1563,G,G,c?WS,0.226
0,1631,0,1567,A,A,t?WW,0.026
0,1568,0,1632,G,A,tSS,0.811
0,1570,0,1627,C,G,cWW,0.884
0,1627,0,1571,G,G,c?WS,0.253
0,1571,0,1626,G,A,tSH,0.816
0,1572,0,1624,A,A,tHH,0.885
0,1573,0,1623,A,C,tHS,0.944
0,1574,0,1622,C,G,cWW,0.927
0,1576,0,1575,G,C,c?HS,0.104
0,1575,0,1621,C,G,cWW,0.937
0,1576,0,1620,G,C,cWW,0.919
0,1577,0,1619,U,G,cWW,0.871
0,1578,0,1618,C,G,cWW,0.939
0,1579,0,1616,C,A,tWH,0.825
0,1618,0,1579,G,C,c?WW,0.204
0,1581,0,1614,A,G,tHS,0.810
0,1582,0,1613,C,C,cWW,0.857
0,1582,0,1614,C,G,c?WS,0.153
0,1583,0,1612,U,A,cWW,0.874
0,1584,0,1611,C,G,cWW,0.921
0,1612,0,1584,A,C,c?WW,0.064
0,1585,0,1610,C,G,cWW,0.861
0,1586,0,1609,G,C,cWW,0.916
0,1587,0,1608,U,G,cWW,0.866
0,1587,0,1609,U,C,c?SW,0.114
0,1588,0,1607,G,A,tSH,0.848
0,1589,0,1606,G,A,tSH,0.830
0,1590,0,1602,A,C,t?WW,0.008
0,1590,0,1605,A,G,tHS,0.825
0,1590,0,1592,A,G,c?SS,0.307
0,1592,0,1601,G,G,c?WW,0.229
0,1592,0,1602,G,C,cWW,0.793
0,1593,0,1601,C,G,cWW,0.906
0,1594,0,1600,C,G,cWW,0.930
0,1595,0,1599,G,U,t?SH,0.310
0,1598,0,1596,A,U,t?HW,0.116
0,1596,0,1599,U,U,t?SH,0.185
0,1597,0,1646,A,G,c?HW,0.087
0,1597,0,1647,A,G,tWS,0.624
0,1610,0,1609,G,C,c?HW,0.114
0,1615,0,1644,A,C,c?SS,0.388
0,1621,0,1620,G,C,c?HS,0.192
0,1628,0,1633,G,C,cWW,0.872
0,1629,0,1632,G,A,tSH,0.804
0,1651,0,1655,C,G,cWW,0.905
0,1666,0,1667,C,A,c?WH,0.076
0,1669,0,1668,A,U,c?HW,0.039
0,1672,0,1671,G,U,c?HW,0.149
0,1679,0,1685,C,A,t?SS,0.081
0,1682,0,1696,A,U,tHW,0.869
0,1683,0,1723,G,G,c?SH,0.064
0,1684,0,1722,A,U,cHW,0.852
0,1686,0,1695,C,G,cWW,0.940
0,1687,0,1694,C,G,cWW,0.956
0,1691,0,1724,A,U,c?WH,0.195
0,1703,0,1715,G,C,cWW,0.950
0,1704,0,1714,G,C,cWW,0.866
0,1705,0,1713,C,G,cWW,0.941
0,1705,0,1714,C,C,c?WW,0.125
0,1706,0,1713,G,G,c?SW,0.184
0,1706,0,1711,G,A,t?SH,0.129
0,1706,0,1712,G,A,tSH,0.820
0,1707,0,1711,G,A,tSH,0.780
0,1712,0,1815,A,A,c?SW,0.008
0,1721,0,1720,C,C,c?HS,0.078
0,1725,0,2050,C,G,cWW,0.945
0,1726,0,2049,G,C,cWW,0.918
0,1727,0,2048,G,C,cWW,0.891
0,1729,0,1728,A,G,c?HS,0.145
0,1728,0,2047,G,C,cWW,0.890
0,1729,0,2046,A,G,c?WW,0.285
0,1729,0,2047,A,C,c?WW,0.211
0,1732,0,2046,A,G,t?HS,0.174
0,1733,0,2046,A,G,tHS,0.952
0,1735,0,1734,C,C,c?HS,0.070
0,1734,0,2046,C,G,c?WS,0.214
0,1734,0,2045,C,G,cWW,0.946
0,1735,0,2044,C,G,cWW,0.959
0,1736,0,2043,A,U,cWW,0.909
0,1737,0,2042,A,U,cWW,0.913
0,1737,0,2043,A,U,c?WW,0.013
0,1738,0,2042,C,U,c?WW,0.247
0,1738,0,2041,C,G,cWW,0.915
0,1739,0,2040,G,C,cWW,0.915
0,1740,0,2039,U,A,cWW,0.935
0,1741,0,2038,U,A,cWW,0.783
0,2039,0,1741,A,U,c?WW,0.078
0,1742,0,2033,A,G,t?HW,0.074
0,1742,0,2036,A,C,c?WW,0.118
0,1742,0,2037,A,C,tWW,0.970
0,1743,0,2036,G,C,cWW,0.888
0,1743,0,2037,G,C,t?WW,0.020
0,1744,0,2035,G,C,cWW,0.835
0,1745,0,2034,G,U,tSH,0.992
0,1746,0,2032,A,U,tHW,0.949
0,1747,0,2034,A,U,cWW,0.875
0,1747,0,2035,A,C,c?WS,0.155
0,1751,0,1749,G,U,t?HW,0.147
0,1756,0,1752,G,G,t?WS,0.017
0,1752,0,2032,G,U,c?WW,0.178
0,1752,0,2030,G,A,c?WW,0.124
0,1752,0,2031,G,C,cWW,0.856
0,1755,0,2032,A,U,c?SS,0.190
0,1760,0,1784,G,U,cWW,0.868
0,1760,0,1783,G,A,c?WW,0.119
0,1761,0,1783,U,A,cWW,0.899
0,1762,0,1782,C,G,cWW,0.959
0,1783,0,1762,A,C,c?WW,0.026
0,1763,0,1781,C,G,cWW,0.951
0,1764,0,1780,C,G,cWW,0.946
0,1765,0,1779,G,A,tSH,0.872
0,1767,0,1776,A,A,tHH,0.924
0,1768,0,1775,C,A,tHS,0.952
0,1769,0,1774,C,G,cWW,0.910
0,1769,0,1775,C,A,c?WS,0.282
0,1770,0,1773,U,G,tSW,0.879
0,1771,0,1885,U,A,cWW,0.874
0,1774,0,1773,G,G,c?SS,0.003
0,1785,0,1807,G,U,cWW,0.836
0,1808,0,1785,C,G,c?WW,0.247
0,1786,0,1806,C,G,cWW,0.951
0,1787,0,1805,C,G,cWW,0.898
0,1787,0,2875,C,A,t?SS,0.131
0,1788,0,1789,U,G,c?WH,0.120
0,1788,0,1805,U,G,c?SW,0.073
0,1788,0,1804,U,A,cWW,0.932
0,1789,0,1803,G,C,cWW,0.903
0,1790,0,1802,C,G,cWW,0.944
0,1790,0,1803,C,C,c?WW,0.252
0,1791,0,1801,U,A,cWW,0.950
0,1792,0,1800,C,G,cWW,0.920
0,1801,0,1792,A,C,c?WW,0.025
0,1793,0,1799,C,G,cWW,0.974
0,1794,0,1797,G,A,t?SH,0.358
0,1797,0,1799,A,G,c?WH,0.017
0,1804,0,1803,A,C,c?HS,0.114
0,1805,0,2875,G,A,c?SS,0.414
0,1806,0,2883,G,A,tSS,0.841
0,1808,0,1807,C,U,c?HS,0.268
0,1808,0,1812,C,G,cWW,0.880
0,1810,0,2752,C,C,cWS,0.959
0,1811,0,2731,A,G,tWS,0.788
0,1813,0,1817,U,U,cWW,0.691
0,1813,0,1818,U,C,c?WW,0.105
0,1815,0,2746,A,A,t?SW,0.076
0,1820,0,2029,G,C,cWW,0.887
0,1821,0,2028,A,U,cWW,0.874
0,1823,0,1822,G,A,c?HS,0.038
0,1822,0,2027,A,U,cWW,0.917
0,1823,0,2026,G,C,cWW,0.941
0,1824,0,2025,C,G,cWW,0.955
0,1824,0,2026,C,C,c?WW,0.131
0,1825,0,2024,U,A,cWW,0.903
0,1827,0,1826,G,C,c?HS,0.058
0,1826,0,2023,C,G,cWW,0.937
0,1827,0,2021,G,C,cWW,0.921
0,1828,0,2020,G,C,cWW,0.826
0,1828,0,2019,G,A,c?WW,0.130
0,1829,0,1847,A,A,t?HW,0.147
0,1829,0,2018,A,A,tSW,1.000
0,1829,0,2019,A,A,t?SS,0.025
0,1830,0,1846,C,U,tHS,0.662
0,1831,0,1845,U,A,t?HS,0.012
0,1832,0,1844,G,C,cWW,0.927
0,1833,0,1844,U,C,c?WW,0.157
0,1833,0,1843,U,A,cWW,0.900
0,1834,0,1841,C,C,tWH,0.973
0,1840,0,1835,A,U,t?HH,0.106
0,1835,0,1841,U,C,t?HW,0.301
0,2622,0,1838,A,U,t?WW,0.001
0,1839,0,2623,A,G,t?SS,0.165
0,1839,0,2642,A,G,cSS,0.886
0,2623,0,1841,G,C,t?SW,0.101
0,1845,0,1844,A,C,c?HW,0.166
0,1847,0,1884,A,G,tHS,0.901
0,1848,0,1883,G,U,cWW,0.900
0,1848,0,2011,G,A,t?WW,0.104
0,1849,0,1882,G,C,cWW,0.896
0,1849,0,1883,G,U,c?WS,0.027
0,1849,0,1941,G,A,tSS,0.752
0,1850,0,1881,U,A,cWW,0.930
0,1851,0,1880,G,C,cWW,0.886
0,1852,0,1879,A,U,cWW,0.875
0,1853,0,1878,C,G,cWW,0.885
0,1854,0,1858,C,A,c?SS,0.346
0,1854,0,1877,C,G,cWW,0.954
0,1854,0,1878,C,G,c?WW,0.158
0,1855,0,1856,G,C,c?SH,0.201
0,1855,0,1874,G,U,tSS,0.961
0,1856,0,1875,C,A,tHH,0.971
0,1856,0,1873,C,G,tWW,0.782
0,1856,0,1877,C,G,t?HS,0.072
0,1857,0,2246,A,U,cWS,0.830
0,1857,0,2255,A,A,c?HW,0.096
0,1858,0,1871,A,U,tHH,0.964
0,1858,0,1873,A,G,c?WW,0.038
0,1858,0,1877,A,G,t?SS,0.222
0,1859,0,1870,A,C,cWW,0.814
0,1859,0,1878,A,G,tSS,0.751
0,1860,0,1869,U,A,cWW,0.845
0,1861,0,1868,C,G,cWW,0.907
0,1862,0,1867,C,G,cWW,0.927
0,1863,0,1866,G,A,tSH,0.781
0,1866,0,1867,A,G,c?HS,0.099
0,1880,0,1881,C,A,c?SH,0.051
0,1885,0,2017,A,U,tHS,0.537
0,2018,0,1885,A,A,c?WW,0.129
0,2015,0,1886,A,A,c?WW,0.003
0,1886,0,2016,A,U,c?WW,0.200
0,1886,0,2017,A,U,c?WS,0.168
0,1887,0,2015,U,A,cWW,0.805
0,1888,0,2014,C,G,cWW,0.951
0,1888,0,2015,C,A,c?WW,0.018
0,1889,0,2011,C,A,c?WH,0.165
0,1889,0,2010,C,A,t?SS,0.200
0,1889,0,2013,C,G,cWW,0.935
0,1941,0,1890,A,U,c?HW,0.199
0,1890,0,2011,U,A,cWH,0.947
0,1891,0,1946,G,C,cWW,0.866
0,1891,0,1971,G,G,c?WS,0.266
0,1892,0,1945,C,G,cWW,0.873
0,1892,0,1946,C,C,c?WW,0.084
0,1893,0,1968,C,A,c?SS,0.075
0,1893,0,1944,C,G,cWW,0.885
0,1894,0,1942,C,A,tWH,0.913
0,1895,0,1944,A,G,t?HS,0.223
0,1896,0,1943,G,C,cWW,0.890
0,1896,0,1942,G,A,c?WW,0.121
0,1897,0,1942,U,A,cWW,0.957
0,1898,0,1939,G,U,cWW,0.867
0,1900,0,1899,A,C,c?HW,0.084
0,1899,0,1938,C,G,cWW,0.920
0,1900,0,1936,A,C,c?WW,0.069
0,1900,0,1937,A,U,cWW,0.896
0,1901,0,1936,G,C,cWW,0.940
0,1902,0,1935,G,C,cWW,0.924
0,1903,0,1934,U,A,t?SH,0.085
0,1905,0,1934,U,A,cWW,0.884
0,1906,0,1933,C,G,cWW,0.887
0,1907,0,1932,U,G,cWW,0.869
0,1908,0,1930,G,A,t?SH,0.083
0,1908,0,1931,G,A,tSH,0.881
0,1909,0,2266,A,A,c?SS,0.288
0,1909,0,2128,A,G,t?SS,0.085
0,1910,0,2128,A,G,tSS,0.841
0,1912,0,1927,A,A,cWW,0.849
0,1913,0,1926,C,G,cWW,0.929
0,1914,0,1925,C,G,cWW,0.941
0,1915,0,1924,U,A,cWW,0.909
0,1917,0,1916,G,C,c?HW,0.145
0,1916,0,1923,C,G,cWW,0.913
0,1924,0,1916,A,C,c?WW,0.039
0,1917,0,1922,G,A,t?SH,0.206
0,1918,0,1921,U,A,t?SH,0.029
0,1921,0,1920,A,C,c?HW,0.108
0,1921,0,2449,A,G,tWS,0.829
0,2266,0,1930,A,A,t?SW,0.009
0,1930,0,2267,A,G,t?SS,0.074
0,1930,0,2127,A,U,cSS,0.757
0,1931,0,2267,A,G,tSS,0.876
0,1940,0,1943,C,C,cWH,0.965
0,1940,0,1944,C,G,t?SW,0.191
0,1944,0,1968,G,A,t?SS,0.144
0,1945,0,1968,G,A,t?SS,0.176
0,1945,0,1969,G,A,tSS,0.843
0,1947,0,1966,G,U,c?WW,0.022
0,1947,0,1965,G,C,cWW,0.716
0,1948,0,1964,G,U,cWW,0.768
0,1965,0,1948,C,G,c?SW,0.090
0,1964,0,1949,U,G,c?WW,0.046
0,1965,0,1964,C,U,c?HW,0.114
0,1970,0,1965,G,C,t?WW,0.137
0,1966,0,1970,U,G,tWW,0.901
0,1967,0,1969,U,A,t?SW,0.171
0,1967,0,1970,U,G,c?WW,0.255
0,1971,0,1972,G,U,cSH,0.893
0,1972,0,2010,U,A,tWH,0.655
0,1973,0,2009,A,G,tHS,0.810
0,1973,0,2014,A,G,t?SS,0.153
0,1974,0,2008,G,U,cWW,0.840
0,2009,0,1974,G,G,c?SW,0.092
0,1975,0,2005,C,G,cWW,0.924
0,1976,0,1981,G,A,c?SH,0.154
0,1977,0,1983,U,C,t?SW,0.201
0,1977,0,1984,U,U,cWW,0.878
0,1977,0,2003,U,U,t?HW,0.101
0,2002,0,1977,C,U,t?WH,0.106
0,1978,0,2005,A,G,tWS,0.830
0,1978,0,2008,A,U,t?WS,0.002
0,1979,0,2624,G,A,t?WW,0.035
0,1979,0,2640,G,U,cSS,0.606
0,1981,0,1982,A,C,c?SH,0.419
0,1981,0,1983,A,C,tSW,1.000
0,1981,0,2003,A,U,c?WW,0.109
0,1985,0,2592,U,G,c?HW,0.005
0,1986,0,2002,G,C,cWW,0.910
0,1987,0,2001,C,G,cWW,0.943
0,1989,0,1988,G,C,c?HS,0.085
0,1988,0,2000,C,G,cWW,0.949
0,1989,0,1999,G,C,cWW,0.869
0,1990,0,1998,C,G,cWW,0.897
0,1991,0,1997,A,A,t?SH,0.249
0,1992,0,1994,U,A,t?WH,0.072
0,1994,0,2584,A,G,tSS,0.891
0,2589,0,1996,U,U,c?HH,0.138
0,1996,0,2591,U,C,t?HW,0.289
0,1996,0,2592,U,G,t?HS,0.148
0,1996,0,2586,U,U,c?HS,0.241
0,2007,0,2627,A,G,cSS,0.795
0,2009,0,2008,G,U,c?HW,0.213
0,2010,0,2013,A,G,cSS,0.938
0,2014,0,2010,G,A,c?SS,0.073
0,2021,0,2023,C,G,c?WH,0.158
0,2033,0,2035,G,C,t?SW,0.163
0,2033,0,2037,G,C,c?WW,0.096
0,2039,0,2038,A,A,c?HS,0.049
0,2041,0,2726,G,U,cSH,0.871
0,2054,0,2648,A,U,tWW,0.892
0,2055,0,2648,A,U,t?SW,0.024
0,2060,0,2059,A,U,c?HW,0.055
0,2060,0,2075,A,G,c?WW,0.153
0,2060,0,2076,A,U,cWW,0.916
0,2061,0,2075,C,G,cWW,0.849
0,2063,0,2082,U,G,c?SW,0.196
0,2063,0,2083,U,A,cWS,0.980
0,2064,0,2081,U,A,cWW,0.911
0,2065,0,2080,C,G,cWW,0.944
0,2066,0,2079,C,G,cWW,0.914
0,2067,0,2066,A,C,c?HS,0.086
0,2066,0,2080,C,G,c?WW,0.014
0,2067,0,2077,A,C,c?WW,0.058
0,2067,0,2078,A,U,cWW,0.926
0,2068,0,2077,G,C,cWW,0.845
0,2069,0,2074,U,A,tWH,0.911
0,2070,0,2074,G,A,t?WH,0.012
0,2072,0,2490,G,A,cSS,0.904
0,2084,0,2660,C,G,cWW,0.935
0,2085,0,2659,A,U,cWW,0.868
0,2086,0,2658,C,G,cWW,0.962
0,2087,0,2657,C,G,cWW,0.941
0,2089,0,2088,A,C,c?HS,0.123
0,2088,0,2656,C,G,cWW,0.918
0,2088,0,2841,C,A,c?SW,0.035
0,2088,0,2840,C,A,cSW,0.877
0,2089,0,2655,A,U,cWW,0.947
0,2090,0,2653,G,A,c?WW,0.236
0,2090,0,2654,G,C,cWW,0.938
0,2091,0,2653,G,A,cWW,0.768
0,2091,0,2654,G,C,c?WW,0.096
0,2092,0,2652,G,U,c?WW,0.264
0,2092,0,2093,G,G,cSH,0.988
0,2653,0,2092,A,G,c?WS,0.098
0,2093,0,2652,G,U,cWW,0.921
0,2094,0,2651,G,C,cWW,0.899
0,2094,0,2652,G,U,c?WS,0.025
0,2094,0,2649,G,A,t?HS,0.128
0,2094,0,2612,G,A,t?HW,0.117
0,2095,0,2650,A,U,cWW,0.910
0,2095,0,2649,A,A,t?HS,0.243
0,2095,0,2612,A,A,tHW,0.930
0,2097,0,2647,G,C,cWW,0.922
0,2099,0,2098,G,C,c?HW,0.069
0,2098,0,2646,C,G,cWW,0.937
0,2102,0,2486,G,A,c?WW,0.344
0,2102,0,2103,G,A,c?SH,0.235
0,2103,0,2538,A,A,tHH,0.810
0,2104,0,2536,C,C,t?WS,0.214
0,2104,0,2485,C,A,cWW,0.931
0,2105,0,2480,C,G,c?WW,0.081
0,2105,0,2481,C,G,cWW,0.898
0,2479,0,2106,A,C,c?WW,0.109
0,2106,0,2480,C,G,cWW,0.835
0,2106,0,2484,C,U,c?SW,0.470
0,2107,0,2479,U,A,cWW,0.883
0,2108,0,2107,A,U,c?HW,0.092
0,2108,0,2478,A,U,cWW,0.926
0,2109,0,2467,U,A,tWW,0.961
0,2110,0,2477,G,C,cWW,0.916
0,2111,0,2476,G,C,cWW,0.912
0,2112,0,2472,A,C,c?WW,0.023
0,2112,0,2473,A,U,cWW,0.921
0,2112,0,2475,A,C,t?SH,0.258
0,2112,0,2476,A,C,c?SW,0.000
0,2113,0,2472,G,C,cWW,0.850
0,2473,0,2113,U,G,c?SW,0.064
0,2113,0,2475,G,C,c?SW,0.153
0,2114,0,2471,C,G,cWW,0.932
0,2114,0,2472,C,C,c?WW,0.150
0,2115,0,2470,U,A,cWW,0.913
0,2115,0,2632,U,G,cSS,0.955
0,2116,0,2470,U,A,c?WW,0.059
0,2116,0,2118,U,A,cWH,0.863
0,2632,0,2116,G,U,c?SS,0.099
0,2118,0,2277,A,U,c?WW,0.075
0,2118,0,2469,A,A,c?SS,0.253
0,2118,0,2275,A,G,c?WW,0.217
0,2118,0,2276,A,U,cWW,0.934
0,2118,0,2271,A,G,t?HH,0.171
0,2119,0,2274,C,A,c?WW,0.066
0,2119,0,2275,C,G,cWW,0.966
0,2119,0,2271,C,G,tHH,0.954
0,2120,0,2274,U,A,cWW,0.932
0,2121,0,2273,G,C,cWW,0.896
0,2122,0,2270,C,G,c?WW,0.008
0,2122,0,2272,C,G,cWW,0.956
0,2123,0,2270,A,G,tHS,0.957
0,2124,0,2269,G,C,cWW,0.908
0,2125,0,2268,G,C,cWW,0.910
0,2125,0,2269,G,C,c?WW,0.014
0,2126,0,2266,C,A,c?WW,0.056
0,2126,0,2267,C,G,cWW,0.939
0,2127,0,2266,U,A,cWW,0.760
0,2267,0,2127,G,U,c?WS,0.030
0,2128,0,2265,G,U,cWW,0.921
0,2128,0,2264,G,A,c?WW,0.194
0,2129,0,2264,U,A,cWW,0.861
0,2130,0,2263,C,G,cWW,0.943
0,2131,0,2262,G,C,cWW,0.891
0,2132,0,2261,C,C,cWW,0.888
0,2133,0,2259,U,C,c?WH,0.127
0,2133,0,2260,U,A,tHH,0.894
0,2135,0,2134,A,G,c?HW,0.118
0,2134,0,2241,G,C,cWW,0.797
0,2242,0,2134,U,G,c?SW,0.093
0,2135,0,2240,A,U,cWW,0.837
0,2136,0,2239,G,C,cWW,0.651
0,2242,0,2258,U,A,tWH,0.885
0,2244,0,2257,A,G,tHS,0.937
0,2245,0,2257,C,G,c?WS,0.259
0,2245,0,2256,C,G,cWW,0.866
0,2246,0,2255,U,A,cWW,0.851
0,2247,0,2254,C,G,cWW,0.925
0,2248,0,2253,C,G,cWW,0.893
0,2249,0,2248,G,C,c?HW,0.153
0,2249,0,2252,G,A,tSH,0.829
0,2255,0,2254,A,G,c?HS,0.062
0,2260,0,2259,A,C,c?HW,0.210
0,2265,0,2266,U,A,c?SH,0.168
0,2273,0,2271,C,G,c?HH,0.167
0,2275,0,2469,G,A,t?WW,0.110
0,2276,0,2469,U,A,t?WW,0.132
0,2277,0,2470,U,A,cWH,0.895
0,2278,0,2470,U,A,c?WH,0.026
0,2278,0,2471,U,G,cWH,0.969
0,2279,0,2292,G,C,cWW,0.847
0,2280,0,2290,A,U,cWW,0.903
0,2281,0,2289,C,G,cWW,0.910
0,2282,0,2309,U,C,c?SH,0.218
0,2288,0,2309,G,C,cWW,0.853
0,2289,0,2291,G,A,tSW,0.882
0,2292,0,2290,C,U,c?HW,0.106
0,2293,0,2315,G,C,cWW,0.884
0,2315,0,2294,C,C,c?WW,0.076
0,2294,0,2314,C,G,cWW,0.914
0,2295,0,2425,G,A,c?SS,0.067
0,2295,0,2313,G,C,cWW,0.949
0,2295,0,2361,G,A,tSS,0.935
0,2296,0,2312,C,G,cWW,0.891
0,2296,0,2313,C,C,c?WW,0.287
0,2297,0,2311,U,A,cWW,0.931
0,2298,0,2310,C,G,cWW,0.911
0,2299,0,2307,G,A,t?SH,0.084
0,2299,0,2308,G,U,tSH,0.960
0,2300,0,2307,A,A,tHH,0.732
0,2301,0,2305,A,A,t?WW,0.216
0,2301,0,2306,A,U,tWW,0.917
0,2304,0,2392,G,C,c?SW,0.407
0,2308,0,2310,U,G,c?WH,0.016
0,2311,0,2310,A,G,c?HW,0.119
0,2314,0,2425,G,A,tSS,0.886
0,2427,0,2316,C,G,t?WS,0.121
0,2316,0,2464,G,C,cWW,0.911
0,2317,0,2421,C,G,t?WH,0.020
0,2317,0,2359,C,G,cWW,0.949
0,2318,0,2421,C,G,cWW,0.956
0,2359,0,2318,G,C,c?WS,0.096
0,2319,0,2420,C,G,cWW,0.963
0,2320,0,2378,U,U,t?WW,0.367
0,2320,0,2380,U,A,t?HH,0.082
0,2321,0,2378,A,U,tWW,0.932
0,2321,0,2380,A,A,tHH,0.742
0,2322,0,2421,U,G,c?WS,0.048
0,2323,0,2377,G,U,cWW,0.927
0,2324,0,2376,G,C,cWW,0.895
0,2324,0,2377,G,U,c?WS,0.029
0,2325,0,2375,C,G,cWW,0.946
0,2325,0,2374,C,A,c?WW,0.083
0,2326,0,2375,U,G,c?WW,0.040
0,2326,0,2374,U,A,cWW,0.928
0,2327,0,2372,A,A,c?WW,0.166
0,2327,0,2373,A,U,cWW,0.888
0,2328,0,2372,U,A,cWW,0.961
0,2329,0,2371,C,G,cWW,0.944
0,2330,0,2369,U,A,tWH,0.849
0,2331,0,2355,C,G,cWW,0.904
0,2332,0,2352,A,G,tHS,0.880
0,2333,0,2351,G,C,cWW,0.917
0,2334,0,2350,C,G,cWW,0.894
0,2335,0,2336,C,G,c?SH,0.069
0,2335,0,2349,C,G,cWW,0.924
0,2336,0,2348,G,C,cWW,0.927
0,2337,0,2347,G,C,cWW,0.934
0,2338,0,2346,G,C,cWW,0.902
0,2348,0,2349,C,G,c?SH,0.096
0,2356,0,2369,A,A,tWW,0.891
0,2357,0,2366,G,C,cWW,0.800
0,2357,0,2369,G,A,t?SW,0.101
0,2358,0,2365,U,G,cWW,0.807
0,2425,0,2360,A,C,t?HW,0.203
0,2360,0,2426,C,G,cWW,0.870
0,2361,0,2424,A,U,t?HS,0.106
0,2362,0,2423,A,C,c?WW,0.160
0,2362,0,2424,A,U,cWW,0.886
0,2363,0,2423,G,C,cWW,0.912
0,2364,0,2422,A,U,cWW,0.876
0,2365,0,2370,G,A,tSS,0.781
0,2367,0,2369,A,A,c?HH,0.161
0,2372,0,2371,A,G,c?HW,0.120
0,2373,0,2374,U,A,c?WH,0.066
0,2379,0,2408,G,A,cHW,0.975
0,2379,0,2381,G,C,c?HH,0.153
0,2381,0,2407,C,G,cWW,0.913
0,2381,0,2408,C,A,c?WS,0.048
0,2382,0,2381,A,C,c?HS,0.163
0,2382,0,2405,A,C,c?WW,0.077
0,2382,0,2406,A,U,cWW,0.923
0,2383,0,2405,G,C,cWW,0.887
0,2384,0,2404,U,G,cWW,0.880
0,2385,0,2402,G,A,c?WW,0.222
0,2385,0,2403,G,C,cWW,0.923
0,2386,0,2402,U,A,cWW,0.946
0,2387,0,2401,U,A,cWW,0.946
0,2401,0,2388,A,C,c?WW,0.064
0,2388,0,2400,C,G,cWW,0.959
0,2389,0,2399,U,G,cWW,0.900
0,2390,0,2398,U,A,tSH,0.976
0,2391,0,2397,C,G,tHH,0.956
0,2465,0,2391,A,C,t?WH,0.012
0,2394,0,2395,A,A,c?SH,0.272
0,2396,0,2465,C,A,c?SW,0.221
0,2404,0,2419,G,U,tHW,1.000
0,2406,0,2407,U,G,c?WH,0.171
0,2409,0,2418,C,G,cWW,0.945
0,2409,0,2410,C,G,c?SH,0.082
0,2410,0,2417,G,C,cWW,0.900
0,2411,0,2416,C,G,cWW,0.892
0,2412,0,2415,G,A,t?SH,0.409
0,2418,0,2417,G,C,c?HS,0.101
0,2427,0,2462,C,G,c?WH,0.190
0,2428,0,2466,G,G,tSS,0.822
0,2429,0,2460,A,A,t?HW,0.217
0,2429,0,2461,A,U,tHW,0.934
0,2430,0,2460,A,A,tHW,0.910
0,2432,0,2459,C,G,cWW,0.925
0,2433,0,2458,A,U,cWW,0.878
0,2434,0,2456,A,A,c?WW,0.185
0,2434,0,2457,A,U,cWW,0.881
0,2458,0,2434,U,A,c?SW,0.019
0,2435,0,2456,U,A,cWW,0.918
0,2436,0,2455,U,A,cWW,0.952
0,2437,0,2454,A,C,c?WW,0.244
0,2438,0,2453,G,G,c?WW,0.237
0,2438,0,2454,G,C,cWW,0.929
0,2440,0,2439,C,C,c?HS,0.089
0,2439,0,2453,C,G,cWW,0.935
0,2440,0,2452,C,G,cWW,0.902
0,2452,0,2441,G,U,c?WS,0.006
0,2441,0,2451,U,G,cWW,0.887
0,2442,0,2450,G,C,cWW,0.892
0,2442,0,2449,G,G,c?WW,0.306
0,2445,0,2446,U,G,c?WH,0.114
0,2632,0,2470,G,A,t?WS,0.059
0,2471,0,2633,G,A,tSS,0.927
0,2473,0,2475,U,C,cSH,0.931
0,2476,0,2473,C,U,c?HW,0.061
0,2480,0,2484,G,U,t?SW,0.185
0,2481,0,2484,G,U,tSW,0.514
0,2482,0,2485,G,A,c?WH,0.314
0,2482,0,2486,G,A,c?WH,0.353
0,2482,0,2487,G,C,t?HH,0.258
0,2485,0,2536,A,C,tHW,0.865
0,2487,0,2535,C,U,c?WW,0.265
0,2488,0,2534,A,C,cWW,0.690
0,2535,0,2488,U,A,c?WW,0.232
0,2489,0,2533,G,C,cWW,0.896
0,2490,0,2530,A,C,c?WW,0.034
0,2490,0,2531,A,U,cWW,0.884
0,2491,0,2530,G,C,cWW,0.897
0,2492,0,2529,U,G,cWW,0.925
0,2494,0,2493,G,C,c?HH,0.138
0,2493,0,2528,C,U,c?HW,0.203
0,2494,0,2528,G,U,cWW,0.799
0,2495,0,2525,U,G,c?WW,0.445
0,2495,0,2527,U,U,cWW,0.904
0,2528,0,2495,U,U,c?WS,0.239
0,2496,0,2524,C,G,cWW,0.912
0,2497,0,2496,A,C,c?HW,0.122
0,2497,0,2522,A,G,c?WW,0.196
0,2497,0,2523,A,U,cWW,0.863
0,2498,0,2522,C,G,cWW,0.947
0,2499,0,2521,U,A,cWW,0.898
0,2500,0,2520,C,G,cWW,0.959
0,2501,0,2519,G,C,cWW,0.906
0,2502,0,2518,C,C,cWW,0.968
0,2503,0,2517,A,A,tSH,0.958
0,2503,0,2504,A,A,c?SH,0.279
0,2511,0,2503,A,A,t?WS,0.027
0,2504,0,2516,A,G,tHS,0.924
0,2505,0,2515,G,C,cWW,0.888
0,2505,0,2516,G,G,c?WS,0.184
0,2506,0,2514,A,U,cWW,0.871
0,2507,0,2513,G,A,tSH,0.804
0,2507,0,2564,G,G,c?SW,0.274
0,2564,0,2509,G,A,c?WH,0.017
0,2510,0,2564,C,G,tWW,0.971
0,2511,0,2516,A,G,cSW,0.557
0,2520,0,2519,G,C,c?HS,0.109
0,2525,0,2527,G,U,cSH,0.944
0,2529,0,2528,G,U,c?HW,0.155
0,2532,0,2533,A,C,cSH,0.960
0,2534,0,2533,C,C,c?HS,0.061
0,2541,0,2540,U,G,c?HS,0.227
0,2540,0,2645,G,U,tWW,0.551
0,2541,0,2611,U,G,t?HH,0.032
0,2541,0,2618,U,G,cWW,0.909
0,2543,0,2542,G,C,c?HW,0.124
0,2542,0,2617,C,G,cWW,0.916
0,2543,0,2615,G,U,cWW,0.898
0,2544,0,2614,G,C,cWW,0.923
0,2545,0,2610,U,U,c?WW,0.087
0,2545,0,2613,U,G,cWW,0.895
0,2546,0,2610,U,U,cWW,0.885
0,2546,0,2613,U,G,c?SW,0.250
0,2547,0,2609,C,G,cWW,0.882
0,2548,0,2547,C,C,c?HS,0.178
0,2548,0,2606,C,G,cWW,0.933
0,2549,0,2605,C,G,cWW,0.954
0,2550,0,2604,U,A,cWW,0.911
0,2551,0,2550,C,U,c?HW,0.026
0,2551,0,2603,C,G,cWW,0.937
0,2552,0,2602,C,G,cWW,0.886
0,2603,0,2552,G,C,c?WW,0.056
0,2554,0,2555,U,C,c?SH,0.319
0,2554,0,2556,U,C,c?WH,0.392
0,2555,0,2577,C,A,t?HW,0.326
0,2555,0,2580,C,G,cWW,0.944
0,2556,0,2579,C,G,cWW,0.920
0,2556,0,2599,C,A,c?SS,0.260
0,2557,0,2578,U,G,cWW,0.898
0,2557,0,2576,U,A,t?HS,0.132
0,2557,0,2800,U,A,c?WH,0.158
0,2558,0,2575,G,C,cWW,0.846
0,2558,0,2775,G,A,t?SS,0.185
0,2558,0,2799,G,A,cSS,0.964
0,2559,0,2574,C,G,cWW,0.921
0,2559,0,2776,C,A,t?SS,0.178
0,2560,0,2573,C,G,cWW,0.947
0,2561,0,2572,C,G,cWW,0.899
0,2562,0,2571,G,C,cWW,0.920
0,2563,0,2570,U,G,cWW,0.887
0,2566,0,2700,A,G,t?WS,0.229
0,2566,0,2695,A,C,cSS,0.616
0,2566,0,2699,A,A,tWW,0.898
0,2567,0,2700,G,G,tSS,0.798
0,2572,0,2571,G,C,c?HS,0.108
0,2574,0,2776,G,A,cSS,0.776
0,2575,0,2775,C,A,c?SS,0.121
0,2576,0,2800,A,A,cSW,0.790
0,2602,0,2577,G,A,t?WW,0.249
0,2579,0,2599,G,A,t?SS,0.162
0,2580,0,2600,G,A,tSS,0.914
0,2581,0,2602,U,G,cWH,0.972
0,2583,0,2582,A,G,c?HW,0.146
0,2582,0,2596,G,A,cWW,0.965
0,2582,0,2597,G,U,c?WW,0.250
0,2583,0,2595,A,U,cWW,0.898
0,2584,0,2594,G,C,cWW,0.937
0,2585,0,2593,G,C,cWW,0.926
0,2586,0,2592,U,G,cWW,0.819
0,2597,0,2601,U,A,tWH,0.833
0,2598,0,2600,U,A,t?WH,0.053
0,2601,0,2600,A,A,c?SH,0.083
0,2622,0,2642,A,G,t?HS,0.141
0,2622,0,2643,A,G,tHS,0.863
0,2623,0,2641,G,C,cWW,0.897
0,2624,0,2640,A,U,cWW,0.856
0,2625,0,2639,C,G,cWW,0.960
0,2627,0,2626,G,C,c?HW,0.108
0,2626,0,2638,C,G,cWW,0.932
0,2627,0,2635,G,A,c?WW,0.167
0,2627,0,2636,G,C,cWW,0.957
0,2628,0,2635,U,A,cWW,0.942
0,2629,0,2634,C,G,cWW,0.934
0,2630,0,2629,G,C,c?HS,0.127
0,2630,0,2633,G,A,t?SH,0.392
0,2633,0,2634,A,G,c?HS,0.064
0,2638,0,2636,G,C,c?HW,0.236
0,2642,0,2641,G,C,c?HW,0.111
0,2649,0,2651,A,C,t?SW,0.311
0,2653,0,2652,A,U,c?HW,0.091
0,2656,0,2655,G,U,c?HW,0.166
0,2657,0,2841,G,A,tSW,0.937
0,2660,0,2659,G,U,c?HW,0.100
0,2661,0,2812,U,A,t?WH,0.256
0,2662,0,2816,G,A,tSS,0.780
0,2667,0,2827,G,A,tSS,0.902
0,2667,0,2914,G,A,c?SS,0.091
0,2667,0,2822,G,C,cWW,0.905
0,2668,0,2820,G,A,c?WW,0.291
0,2668,0,2821,G,C,cWW,0.874
0,2669,0,2820,U,A,cWW,0.912
0,2670,0,2669,G,U,c?HW,0.156
0,2670,0,2819,G,C,cWW,0.912
0,2671,0,2818,U,A,cWW,0.941
0,2672,0,2817,C,G,cWW,0.957
0,2673,0,2811,U,A,tWH,0.894
0,2674,0,2813,G,A,tSH,0.740
0,2675,0,2810,A,G,tHS,0.943
0,2676,0,2809,C,G,cWW,0.926
0,2676,0,2810,C,G,c?WS,0.213
0,2677,0,2808,A,U,cWW,0.863
0,2678,0,2807,A,U,cWW,0.888
0,2678,0,2806,A,C,c?WW,0.096
0,2679,0,2806,G,C,cWW,0.945
0,2680,0,2712,A,G,t?SS,0.186
0,2682,0,2680,C,A,c?SS,0.152
0,2713,0,2681,G,A,t?SS,0.422
0,2682,0,2712,C,G,cWW,0.936
0,2682,0,2767,C,C,c?HW,0.038
0,2683,0,2711,G,U,cWW,0.931
0,2684,0,2711,A,U,c?WS,0.045
0,2684,0,2710,A,U,cWW,0.916
0,2685,0,2709,C,G,cWW,0.942
0,2686,0,2708,C,G,cWW,0.956
0,2687,0,2707,G,C,cWW,0.904
0,2688,0,2706,U,A,cWW,0.867
0,2689,0,2688,A,U,c?HW,0.061
0,2689,0,2705,A,U,cWW,0.894
0,2690,0,2704,U,C,tSH,0.951
0,2691,0,2703,A,A,tHH,0.870
0,2692,0,2693,G,U,cSH,0.911
0,2693,0,2701,U,G,t?HS,0.220
0,2693,0,2702,U,A,tWH,0.942
0,2694,0,2701,A,G,tHS,0.972
0,2695,0,2700,C,G,cWW,0.902
0,2695,0,2701,C,G,c?WS,0.225
0,2696,0,2699,G,A,tSH,0.876
0,2700,0,2699,G,A,c?SH,0.035
0,2706,0,2705,A,U,c?HW,0.024
0,2713,0,2767,G,C,cWW,0.939
0,2714,0,2766,U,A,cWW,0.955
0,2715,0,2765,G,C,cWW,0.907
0,2716,0,2764,G,C,cWW,0.936
0,2717,0,2763,C,G,cWW,0.967
0,2718,0,2761,C,A,tWH,0.880
0,2763,0,2718,G,C,c?WW,0.024
0,2718,0,2720,C,C,c?SH,0.212
0,2719,0,2764,A,C,c?WS,0.118
0,2761,0,2720,A,C,t?WH,0.007
0,2720,0,2763,C,G,cWS,0.914
0,2721,0,2761,U,A,cWW,0.899
0,2722,0,2721,G,U,c?HW,0.241
0,2722,0,2760,G,C,cWW,0.824
0,2723,0,2758,G,G,c?WW,0.322
0,2723,0,2759,G,C,cWW,0.908
0,2724,0,2758,U,G,cWW,0.844
0,2725,0,2757,G,A,tSH,0.856
0,2727,0,2896,A,A,t?SW,0.242
0,2727,0,2755,A,G,tHS,0.612
0,2728,0,2754,C,G,cWW,0.905
0,2729,0,2753,C,G,cWW,0.924
0,2730,0,2752,G,C,cWW,0.945
0,2731,0,2751,G,C,cWW,0.919
0,2732,0,2750,U,G,cWW,0.869
0,2733,0,2732,U,U,c?HS,0.341
0,2733,0,2734,U,G,c?WH,0.153
0,2733,0,2746,U,A,cWW,0.903
0,2734,0,2745,G,C,cWW,0.907
0,2735,0,2744,U,G,cWW,0.778
0,2744,0,2736,G,U,c?WW,0.090
0,2736,0,2743,U,A,cWW,0.926
0,2737,0,2742,C,G,cWW,0.910
0,2743,0,2737,A,C,c?WW,0.082
0,2739,0,2738,A,G,c?HW,0.129
0,2746,0,2745,A,C,c?HS,0.106
0,2755,0,2756,G,U,c?SH,0.247
0,2756,0,2896,U,A,c?WW,0.213
0,2766,0,2765,A,C,c?HW,0.112
0,2768,0,2805,A,A,t?WS,0.330
0,2769,0,2805,C,A,tHS,1.000
0,2770,0,2804,G,C,cWW,0.889
0,2771,0,2803,G,C,cWW,0.797
0,2772,0,2802,G,C,cWW,0.865
0,2773,0,2801,G,A,cWW,0.931
0,2774,0,2775,U,A,c?WH,0.069
0,2774,0,2799,U,A,tWH,0.912
0,2774,0,2801,U,A,c?WW,0.329
0,2776,0,2798,A,G,tHS,0.861
0,2777,0,2797,G,C,cWW,0.919
0,2777,0,2798,G,G,c?WS,0.224
0,2778,0,2796,A,U,cWW,0.878
0,2778,0,2797,A,C,c?WW,0.126
0,2779,0,2795,G,C,cWW,0.852
0,2780,0,2791,C,U,t?WH,0.180
0,2780,0,2794,C,G,cWW,0.953
0,2780,0,2795,C,C,c?WW,0.108
0,2781,0,2793,U,A,t?SH,0.097
0,2782,0,2781,G,U,c?HW,0.191
0,2781,0,2791,U,U,tWH,0.977
0,2782,0,2783,G,A,c?SH,0.321
0,2782,0,2792,G,A,tSH,0.839
0,2783,0,2789,A,U,tHW,0.874
0,2784,0,2788,A,A,tHW,0.929
0,2787,0,2785,C,C,c?HS,0.185
0,2791,0,2792,U,A,c?WH,0.066
0,2791,0,2793,U,A,cWH,0.937
0,2794,0,2791,G,U,t?WW,0.170
0,2812,0,2814,A,A,c?SH,0.015
0,2819,0,2820,C,A,c?SH,0.051
0,2823,0,2914,G,A,tSS,0.785
0,2826,0,2914,G,A,tSH,0.817
0,2827,0,2913,A,A,tHS,0.897
0,2828,0,2912,G,C,cWW,0.874
0,2829,0,2911,G,C,cWW,0.940
0,2830,0,2910,U,A,cWW,0.843
0,2831,0,2909,C,G,cWW,0.730
0,2832,0,2848,C,G,cWW,0.860
0,2832,0,2908,C,A,cSW,0.807
0,2834,0,2833,G,C,c?HS,0.162
0,2833,0,2847,C,G,cWW,0.895
0,2834,0,2846,G,C,cWW,0.925
0,2834,0,2853,G,U,t?SS,0.190
0,2835,0,2845,C,G,cWW,1.000
0,2835,0,2846,C,C,c?WW,0.191
0,2836,0,2835,G,C,c?HS,0.089
0,2836,0,2844,G,C,cWW,0.935
0,2838,0,2843,A,A,cSW,0.888
0,2845,0,2844,G,C,c?HW,0.087
0,2847,0,2846,G,C,c?HW,0.108
0,2847,0,2906,G,A,tSS,0.829
0,2851,0,2906,G,A,tSH,0.729
0,2851,0,2905,G,A,t?SH,0.171
0,2852,0,2854,A,A,c?SH,0.155
0,2852,0,2903,A,C,t?WH,0.396
0,2853,0,2854,U,A,c?SH,0.100
0,2853,0,2902,U,A,tHH,0.792
0,2853,0,2905,U,A,cWW,0.946
0,2854,0,2904,A,U,cWW,0.914
0,2855,0,2903,G,C,cWW,0.902
0,2856,0,2903,A,C,c?WW,0.012
0,2856,0,2900,A,G,c?WW,0.154
0,2856,0,2901,A,C,cWW,0.787
0,2857,0,2899,C,A,t?WH,0.004
0,2857,0,2900,C,G,cWW,0.913
0,2858,0,2899,U,A,cWW,0.912
0,2859,0,2898,C,G,cWW,0.939
0,2899,0,2859,A,C,c?WW,0.049
0,2860,0,2897,G,C,cWW,0.929
0,2861,0,2895,G,C,cWW,0.944
0,2862,0,2894,G,C,cWW,0.902
0,2863,0,2893,G,C,cWW,0.897
0,2864,0,2892,U,G,cWW,0.858
0,2865,0,2891,G,A,tSH,0.833
0,2868,0,2889,C,U,tHH,0.941
0,2869,0,2888,G,U,cWW,0.955
0,2869,0,2889,G,U,t?HH,0.033
0,2870,0,2871,C,G,c?WH,0.049
0,2870,0,2887,C,G,cWW,0.928
0,2871,0,2885,G,A,c?WW,0.224
0,2871,0,2886,G,C,cWW,0.896
0,2872,0,2885,U,A,cWW,0.908
0,2873,0,2884,C,G,cWW,0.897
0,2874,0,2873,G,C,c?HW,0.165
0,2874,0,2883,G,A,tSH,0.798
0,2875,0,2882,A,G,tHS,0.848
0,2876,0,2880,G,A,t?WH,0.209
0,2876,0,2881,G,C,cWW,0.834
0,2877,0,2880,G,A,tSH,0.836
0,2877,0,2881,G,C,c?SW,0.080
0,2885,0,2884,A,G,c?HW,0.105
0,2887,0,2886,G,C,c?HS,0.143
0,2905,0,2904,A,U,c?HW,0.067
9,3,9,25,A,G,cHW,0.869
9,3,9,26,A,C,c?HW,0.317
9,3,9,21,A,G,tSS,0.847
9,4,9,119,G,C,cWW,0.925
9,5,9,118,G,C,cWW,0.942
9,6,9,117,C,G,cWW,0.928
9,7,9,116,G,C,cWW,0.938
9,8,9,115,G,C,cWW,0.914
9,9,9,114,C,G,cWW,0.919
9,9,9,13,C,A,t?WW,0.230
9,10,9,13,C,A,c?WH,0.151
9,11,9,68,A,G,tSS,0.932
9,14,9,65,G,A,t?HS,0.214
9,14,9,67,G,C,cWW,0.914
9,15,9,66,C,G,cWW,0.928
9,15,9,113,C,C,cHW,0.933
9,15,9,67,C,C,c?WW,0.088
9,16,9,64,G,C,cWW,0.917
9,16,9,66,G,G,c?SW,0.080
9,17,9,63,G,C,cWW,0.855
9,18,9,62,U,A,cWW,0.871
9,18,9,63,U,C,c?WW,0.244
9,19,9,61,G,C,cWW,0.916
9,20,9,60,G,C,cWW,0.851
9,21,9,59,G,C,cWW,0.900
9,22,9,26,G,C,tSW,0.937
9,22,9,58,G,G,t?WH,0.040
9,27,9,55,C,U,cWW,0.983
9,54,9,27,A,C,t?WH,0.109
9,27,9,58,C,G,cSW,0.849
9,28,9,54,U,A,cWW,0.887
9,28,9,57,U,A,t?SW,0.340
9,51,9,29,A,C,t?WH,0.100
9,29,9,53,C,G,cWW,0.905
9,29,9,57,C,A,c?SH,0.214
9,29,9,56,C,A,cSW,0.859
9,30,9,50,C,G,cWW,0.892
9,30,9,51,C,A,c?WW,0.031
9,30,9,52,C,A,cSW,0.809
9,32,9,31,G,C,c?HS,0.145
9,31,9,49,C,G,cWW,0.923
9,32,9,47,G,A,c?WW,0.245
9,32,9,48,G,C,cWW,0.894
9,33,9,35,U,C,c?SH,0.236
9,33,9,47,U,A,cWW,0.876
9,43,9,33,G,U,t?HW,0.211
9,35,9,47,C,A,c?WS,0.111
9,35,9,48,C,C,cWS,0.931
9,36,9,47,C,A,cWS,0.962
9,36,9,48,C,C,c?WS,0.105
9,37,9,38,C,A,c?SH,0.037
9,37,9,43,C,G,cWW,0.959
9,38,9,45,A,A,cSW,0.977
9,39,9,42,U,C,t?WH,0.217
9,39,9,44,U,A,tSH,0.942
9,43,9,46,G,C,tSW,0.978
9,47,9,46,A,C,c?HW,0.158
9,49,9,48,G,C,c?HS,0.149
9,50,9,52,G,A,t?SW,0.022
9,51,9,52,A,A,cSH,0.852
9,51,9,53,A,G,c?SH,0.200
9,54,9,57,A,A,c?SW,0.170
9,54,9,56,A,A,cSH,0.804
9,55,9,57,U,A,c?SW,0.326
9,61,9,62,C,A,c?WH,0.059
9,64,9,63,C,C,c?HS,0.065
9,65,9,67,A,C,c?SH,0.323
9,68,9,65,G,A,c?HW,0.042
9,66,9,113,G,C,tHW,0.991
9,69,9,112,U,U,cWW,0.883
9,70,9,111,U,U,cWW,0.880
9,71,9,110,C,G,cWW,0.876
9,72,9,109,C,G,cWW,0.906
9,73,9,108,G,C,cWW,0.854
9,74,9,107,G,C,cWW,0.842
9,75,9,106,G,C,cWW,0.855
9,76,9,105,G,A,tSH,0.875
9,76,9,106,G,C,c?SW,0.250
9,77,9,78,A,G,c?SS,0.223
9,77,9,104,A,A,tHH,0.927
9,78,9,79,G,U,cSH,0.909
9,79,9,102,U,G,t?HS,0.197
9,79,9,103,U,A,tWH,0.837
9,80,9,102,A,G,tHS,0.906
9,81,9,101,C,G,cWW,0.939
9,82,9,100,U,G,cWW,0.810
9,101,9,82,G,U,c?WW,0.022
9,83,9,99,G,U,cWW,0.920
9,84,9,98,G,C,cWW,0.905
9,85,9,84,A,G,c?HW,0.080
9,85,9,97,A,U,cWW,0.895
9,86,9,96,G,C,cWW,0.922
9,86,9,97,G,U,c?WW,0.008
9,88,9,95,G,C,cWW,0.939
9,89,9,95,C,C,c?WW,0.093
9,89,9,94,C,G,cWW,0.919
9,90,9,93,G,A,tSH,0.901
9,99,9,100,U,G,c?WH,0.098
9,109,9,108,G,C,c?HS,0.130
9,120,9,119,A,C,c?HW,0.102
